strLeague,strSeason,strEvent,strHomeTeam,intHomeScore,strAwayTeam,intAwayScore,homeClassment,awayClassment
German Bundesliga,2023-2024,Bayer Leverkusen vs Bayern Munich,Leverkusen,3,Bayern Munich,0,,3.0
German Bundesliga,2023-2024,Bayer Leverkusen vs Bochum,Leverkusen,4,Bochum,0,,16.0
German Bundesliga,2023-2024,Bayer Leverkusen vs Borussia Dortmund,Leverkusen,1,Dortmund,1,,
German Bundesliga,2023-2024,Bayer Leverkusen vs Borussia Mönchengladbach,Leverkusen,0,Mönchengladbach,0,,
German Bundesliga,2012-2013,Bayer Leverkusen vs Borussia Monchengladbach,Bayer Leverkusen,1,Borussia Monchengladbach,1,,
German Bundesliga,2023-2024,Bayer Leverkusen vs Eintracht Frankfurt,Leverkusen,3,Ein Frankfurt,0,,
German Bundesliga,2023-2024,Bayer Leverkusen vs FC Augsburg,Leverkusen,2,Augsburg,1,,
German Bundesliga,2023-2024,Bayer Leverkusen vs FC Heidenheim,Leverkusen,4,FC Heidenheim,1,,8.0
German Bundesliga,2023-2024,Bayer Leverkusen vs Freiburg,Leverkusen,2,Freiburg,1,,10.0
German Bundesliga,2023-2024,Bayer Leverkusen vs Hoffenheim,Leverkusen,2,Hoffenheim,1,,7.0
German Bundesliga,2023-2024,Bayer Leverkusen vs Mainz,Leverkusen,2,Mainz,1,,13.0
German Bundesliga,2023-2024,Bayer Leverkusen vs RB Leipzig,Leverkusen,3,RasenBallsport Leipzig,2,,
DFB-Pokal,2023-2024,Bayer Leverkusen vs Stuttgart,Leverkusen,3,Stuttgart,2,,2.0
German Bundesliga,2023-2024,Bayer Leverkusen vs Stuttgart,Leverkusen,2,Stuttgart,2,,2.0
German Bundesliga,2023-2024,Bayer Leverkusen vs Union Berlin,Leverkusen,4,Union Berlin,0,,15.0
German Bundesliga,2023-2024,Bayer Leverkusen vs Werder Bremen,Leverkusen,5,Werder Bremen,0,,9.0
German Bundesliga,2023-2024,Bayer Leverkusen vs Wolfsburg,Leverkusen,2,Wolfsburg,0,,12.0
German Bundesliga,2023-2024,Bayern Munich vs Bayer Leverkusen,Bayern Munich,2,Leverkusen,2,3.0,
German Bundesliga,2023-2024,Bayern Munich vs Bochum,Bayern Munich,7,Bochum,0,3.0,16.0
German Bundesliga,2022-2023,Bayern Munich vs Bochum,Bayern Munich,3,Bochum,0,1.0,14.0
German Bundesliga,2021-2022,Bayern Munich vs Bochum,Bayern Munich,7,Bochum,0,1.0,13.0
German Bundesliga,2023-2024,Bayern Munich vs Borussia Dortmund,Bayern Munich,0,Dortmund,2,3.0,
German Bundesliga,2023-2024,Bayern Munich vs Borussia Mönchengladbach,Bayern Munich,3,Mönchengladbach,1,3.0,
German Bundesliga,2023-2024,Bayern Munich vs Eintracht Frankfurt,Bayern Munich,2,Ein Frankfurt,1,3.0,
German Bundesliga,2023-2024,Bayern Munich vs FC Augsburg,Bayern Munich,3,Augsburg,1,3.0,
German Bundesliga,2023-2024,Bayern Munich vs FC Heidenheim,Bayern Munich,4,FC Heidenheim,2,3.0,8.0
DFB-Pokal,2018-2019,Bayern Munich vs FC Heidenheim,Bayern Munich,5,FC Heidenheim,4,1.0,
German Bundesliga,2023-2024,Bayern Munich vs Freiburg,Bayern Munich,3,Freiburg,0,3.0,10.0
DFB-Pokal,2022-2023,Bayern Munich vs Freiburg,Bayern Munich,1,Freiburg,2,1.0,5.0
German Bundesliga,2022-2023,Bayern Munich vs Freiburg,Bayern Munich,5,Freiburg,0,1.0,5.0
German Bundesliga,2021-2022,Bayern Munich vs Freiburg,Bayern Munich,2,Freiburg,1,1.0,6.0
German Bundesliga,2020-2021,Bayern Munich vs Freiburg,Bayern Munich,2,Freiburg,1,1.0,10.0
German Bundesliga,2019-2020,Bayern Munich vs Freiburg,Bayern Munich,3,Freiburg,1,1.0,8.0
German Bundesliga,2018-2019,Bayern Munich vs Freiburg,Bayern Munich,1,Freiburg,1,1.0,13.0
German Bundesliga,2017-2018,Bayern Munich vs Freiburg,Bayern Munich,5,Freiburg,0,1.0,12.0
German Bundesliga,2016-2017,Bayern Munich vs Freiburg,Bayern Munich,4,Freiburg,1,1.0,7.0
German Bundesliga,2010-2011,Bayern Munich vs Freiburg,Bayern Munich,4,Freiburg,2,3.0,9.0
German Bundesliga,2011-2012,Bayern Munich vs Freiburg,Bayern Munich,7,Freiburg,0,2.0,12.0
German Bundesliga,2012-2013,Bayern Munich vs Freiburg,Bayern Munich,1,Freiburg,0,1.0,5.0
German Bundesliga,2013-2014,Bayern Munich vs Freiburg,Bayern Munich,4,Freiburg,0,1.0,14.0
German Bundesliga,2014-2015,Bayern Munich vs Freiburg,Bayern Munich,2,Freiburg,0,1.0,17.0
German Bundesliga,2023-2024,Bayern Munich vs Hoffenheim,Bayern Munich,3,Hoffenheim,0,3.0,7.0
German Bundesliga,2022-2023,Bayern Munich vs Hoffenheim,Bayern Munich,1,Hoffenheim,1,1.0,12.0
German Bundesliga,2021-2022,Bayern Munich vs Hoffenheim,Bayern Munich,4,Hoffenheim,0,1.0,9.0
German Bundesliga,2020-2021,Bayern Munich vs Hoffenheim,Bayern Munich,4,Hoffenheim,1,1.0,11.0
DFB-Pokal,2019-2020,Bayern Munich vs Hoffenheim,Bayern Munich,4,Hoffenheim,3,1.0,6.0
German Bundesliga,2019-2020,Bayern Munich vs Hoffenheim,Bayern Munich,1,Hoffenheim,2,1.0,6.0
German Bundesliga,2018-2019,Bayern Munich vs Hoffenheim,Bayern Munich,3,Hoffenheim,1,1.0,9.0
German Bundesliga,2017-2018,Bayern Munich vs Hoffenheim,Bayern Munich,5,Hoffenheim,2,1.0,8.0
German Bundesliga,2016-2017,Bayern Munich vs Hoffenheim,Bayern Munich,1,Hoffenheim,1,1.0,4.0
German Bundesliga,2015-2016,Bayern Munich vs Hoffenheim,Bayern Munich,2,Hoffenheim,0,1.0,15.0
German Bundesliga,2010-2011,Bayern Munich vs Hoffenheim,Bayern Munich,4,Hoffenheim,0,3.0,11.0
German Bundesliga,2011-2012,Bayern Munich vs Hoffenheim,Bayern Munich,7,Hoffenheim,1,2.0,11.0
German Bundesliga,2012-2013,Bayern Munich vs Hoffenheim,Bayern Munich,2,Hoffenheim,0,1.0,16.0
German Bundesliga,2013-2014,Bayern Munich vs Hoffenheim,Bayern Munich,3,Hoffenheim,3,1.0,9.0
German Bundesliga,2014-2015,Bayern Munich vs Hoffenheim,Bayern Munich,4,Hoffenheim,0,1.0,8.0
German Bundesliga,2023-2024,Bayern Munich vs Mainz,Bayern Munich,8,Mainz,1,3.0,13.0
German Bundesliga,2022-2023,Bayern Munich vs Mainz,Bayern Munich,6,Mainz,2,1.0,9.0
German Bundesliga,2021-2022,Bayern Munich vs Mainz,Bayern Munich,2,Mainz,1,1.0,8.0
German Bundesliga,2020-2021,Bayern Munich vs Mainz,Bayern Munich,5,Mainz,2,1.0,12.0
German Bundesliga,2019-2020,Bayern Munich vs Mainz,Bayern Munich,6,Mainz,1,1.0,13.0
German Bundesliga,2018-2019,Bayern Munich vs Mainz,Bayern Munich,6,Mainz,0,1.0,12.0
German Bundesliga,2017-2018,Bayern Munich vs Mainz,Bayern Munich,4,Mainz,0,1.0,16.0
German Bundesliga,2016-2017,Bayern Munich vs Mainz,Bayern Munich,2,Mainz,2,1.0,15.0
German Bundesliga,2015-2016,Bayern Munich vs Mainz,Bayern Munich,1,Mainz,2,1.0,6.0
German Bundesliga,2010-2011,Bayern Munich vs Mainz,Bayern Munich,1,Mainz,2,3.0,5.0
German Bundesliga,2011-2012,Bayern Munich vs Mainz,Bayern Munich,0,Mainz,0,2.0,13.0
German Bundesliga,2012-2013,Bayern Munich vs Mainz 05,Bayern Munich,3,Mainz 05,1,1.0,
German Bundesliga,2013-2014,Bayern Munich vs Mainz,Bayern Munich,4,Mainz,1,1.0,7.0
German Bundesliga,2014-2015,Bayern Munich vs Mainz,Bayern Munich,2,Mainz,0,1.0,11.0
German Bundesliga,2023-2024,Bayern Munich vs RB Leipzig,Bayern Munich,2,RasenBallsport Leipzig,1,3.0,
German Bundesliga,2010-2011,Bayern Munich vs St Pauli,Bayern Munich,3,St Pauli,0,3.0,18.0
German Bundesliga,2023-2024,Bayern Munich vs Stuttgart,Bayern Munich,3,Stuttgart,0,3.0,2.0
German Bundesliga,2022-2023,Bayern Munich vs Stuttgart,Bayern Munich,2,Stuttgart,2,1.0,16.0
German Bundesliga,2021-2022,Bayern Munich vs Stuttgart,Bayern Munich,2,Stuttgart,2,1.0,15.0
German Bundesliga,2020-2021,Bayern Munich vs Stuttgart,Bayern Munich,4,Stuttgart,0,1.0,9.0
German Bundesliga,2018-2019,Bayern Munich vs Stuttgart,Bayern Munich,4,Stuttgart,1,1.0,16.0
German Bundesliga,2017-2018,Bayern Munich vs Stuttgart,Bayern Munich,1,Stuttgart,4,1.0,14.0
German Bundesliga,2015-2016,Bayern Munich vs Stuttgart,Bayern Munich,4,Stuttgart,0,1.0,17.0
German Bundesliga,2010-2011,Bayern Munich vs Stuttgart,Bayern Munich,2,Stuttgart,1,3.0,12.0
German Bundesliga,2011-2012,Bayern Munich vs Stuttgart,Bayern Munich,2,Stuttgart,0,2.0,6.0
German Bundesliga,2012-2013,Bayern Munich vs Stuttgart,Bayern Munich,6,Stuttgart,1,1.0,12.0
German Bundesliga,2013-2014,Bayern Munich vs Stuttgart,Bayern Munich,1,Stuttgart,0,1.0,15.0
German Bundesliga,2014-2015,Bayern Munich vs Stuttgart,Bayern Munich,2,Stuttgart,0,1.0,14.0
German Bundesliga,2023-2024,Bayern Munich vs Union Berlin,Bayern Munich,1,Union Berlin,0,3.0,15.0
German Bundesliga,2022-2023,Bayern Munich vs Union Berlin,Bayern Munich,3,Union Berlin,0,1.0,4.0
German Bundesliga,2021-2022,Bayern Munich vs Union Berlin,Bayern Munich,4,Union Berlin,0,1.0,5.0
German Bundesliga,2020-2021,Bayern Munich vs Union Berlin,Bayern Munich,1,Union Berlin,1,1.0,7.0
German Bundesliga,2019-2020,Bayern Munich vs Union Berlin,Bayern Munich,2,Union Berlin,1,1.0,11.0
German Bundesliga,2023-2024,Bayern Munich vs Werder Bremen,Bayern Munich,0,Werder Bremen,1,3.0,9.0
German Bundesliga,2022-2023,Bayern Munich vs Werder Bremen,Bayern Munich,6,Werder Bremen,1,1.0,13.0
German Bundesliga,2020-2021,Bayern Munich vs Werder Bremen,Bayern Munich,1,Werder Bremen,1,1.0,17.0
German Bundesliga,2019-2020,Bayern Munich vs Werder Bremen,Bayern Munich,6,Werder Bremen,1,1.0,16.0
German Bundesliga,2018-2019,Bayern Munich vs Werder Bremen,Bayern Munich,1,Werder Bremen,0,1.0,8.0
German Bundesliga,2017-2018,Bayern Munich vs Werder Bremen,Bayern Munich,4,Werder Bremen,2,1.0,15.0
German Bundesliga,2016-2017,Bayern Munich vs Werder Bremen,Bayern Munich,6,Werder Bremen,0,1.0,8.0
German Bundesliga,2015-2016,Bayern Munich vs Werder Bremen,Bayern Munich,5,Werder Bremen,0,1.0,13.0
German Bundesliga,2010-2011,Bayern Munich vs Werder Bremen,Bayern Munich,0,Werder Bremen,0,3.0,13.0
German Bundesliga,2011-2012,Bayern Munich vs Werder Bremen,Bayern Munich,4,Werder Bremen,1,2.0,9.0
German Bundesliga,2012-2013,Bayern Munich vs Werder Bremen,Bayern Munich,6,Werder Bremen,1,1.0,14.0
German Bundesliga,2013-2014,Bayern Munich vs Werder Bremen,Bayern Munich,5,Werder Bremen,2,1.0,12.0
German Bundesliga,2014-2015,Bayern Munich vs Werder Bremen,Bayern Munich,6,Werder Bremen,0,1.0,10.0
German Bundesliga,2023-2024,Bayern Munich vs Wolfsburg,Bayern Munich,2,Wolfsburg,0,3.0,12.0
German Bundesliga,2022-2023,Bayern Munich vs Wolfsburg,Bayern Munich,2,Wolfsburg,0,1.0,8.0
German Bundesliga,2021-2022,Bayern Munich vs Wolfsburg,Bayern Munich,4,Wolfsburg,0,1.0,12.0
German Bundesliga,2020-2021,Bayern Munich vs Wolfsburg,Bayern Munich,2,Wolfsburg,1,1.0,4.0
German Bundesliga,2019-2020,Bayern Munich vs Wolfsburg,Bayern Munich,2,Wolfsburg,0,1.0,7.0
German Bundesliga,2018-2019,Bayern Munich vs Wolfsburg,Bayern Munich,6,Wolfsburg,0,1.0,6.0
German Bundesliga,2017-2018,Bayern Munich vs Wolfsburg,Bayern Munich,2,Wolfsburg,2,1.0,13.0
German Bundesliga,2016-2017,Bayern Munich vs Wolfsburg,Bayern Munich,5,Wolfsburg,0,1.0,16.0
German Bundesliga,2015-2016,Bayern Munich vs Wolfsburg,Bayern Munich,5,Wolfsburg,1,1.0,8.0
German Bundesliga,2010-2011,Bayern Munich vs Wolfsburg,Bayern Munich,2,Wolfsburg,1,3.0,15.0
German Bundesliga,2011-2012,Bayern Munich vs Wolfsburg,Bayern Munich,2,Wolfsburg,0,2.0,8.0
German Bundesliga,2012-2013,Bayern Munich vs Wolfsburg,Bayern Munich,3,Wolfsburg,0,1.0,11.0
German Bundesliga,2013-2014,Bayern Munich vs Wolfsburg,Bayern Munich,1,Wolfsburg,0,1.0,5.0
German Bundesliga,2014-2015,Bayern Munich vs Wolfsburg,Bayern Munich,2,Wolfsburg,1,1.0,2.0
German Bundesliga,2023-2024,Bochum vs Bayer Leverkusen,Bochum,0,Leverkusen,5,16.0,
German Bundesliga,2023-2024,Bochum vs Bayern Munich,Bochum,3,Bayern Munich,2,16.0,3.0
German Bundesliga,2022-2023,Bochum vs Bayern Munich,Bochum,0,Bayern Munich,7,14.0,1.0
German Bundesliga,2021-2022,Bochum vs Bayern Munich,Bochum,4,Bayern Munich,2,13.0,1.0
DFB-Pokal,2019-2020,Bochum vs Bayern Munich,Bochum,1,Bayern Munich,2,,1.0
German Bundesliga,2023-2024,Bochum vs Borussia Dortmund,Bochum,1,Dortmund,1,16.0,
German Bundesliga,2023-2024,Bochum vs Borussia Mönchengladbach,Bochum,1,Mönchengladbach,3,16.0,
German Bundesliga,2023-2024,Bochum vs Eintracht Frankfurt,Bochum,1,Ein Frankfurt,1,16.0,
German Bundesliga,2023-2024,Bochum vs FC Augsburg,Bochum,1,Augsburg,1,16.0,
German Bundesliga,2023-2024,Bochum vs FC Heidenheim,Bochum,1,FC Heidenheim,1,16.0,8.0
German 2. Bundesliga,2020-2021,Bochum vs FC Heidenheim,Bochum,3,FC Heidenheim,0,,
German 2. Bundesliga,2019-2020,Bochum vs FC Heidenheim,Bochum,3,FC Heidenheim,0,,
German 2. Bundesliga,2018-2019,Bochum vs FC Heidenheim,Bochum,1,FC Heidenheim,0,,
German 2. Bundesliga,2017-2018,Bochum vs FC Heidenheim,Bochum,1,FC Heidenheim,2,,
German Bundesliga,2023-2024,Bochum vs Freiburg,Bochum,1,Freiburg,2,16.0,10.0
German Bundesliga,2022-2023,Bochum vs Freiburg,Bochum,0,Freiburg,2,14.0,5.0
DFB-Pokal,2021-2022,Bochum vs Freiburg,Bochum,1,Freiburg,2,13.0,6.0
German Bundesliga,2021-2022,Bochum vs Freiburg,Bochum,2,Freiburg,1,13.0,6.0
German Bundesliga,2023-2024,Bochum vs Hoffenheim,Bochum,3,Hoffenheim,2,16.0,7.0
German Bundesliga,2022-2023,Bochum vs Hoffenheim,Bochum,5,Hoffenheim,2,14.0,12.0
German Bundesliga,2021-2022,Bochum vs Hoffenheim,Bochum,2,Hoffenheim,0,13.0,9.0
German 2. Bundesliga,2020-2021,Bochum vs Holstein Kiel,Bochum,2,Holstein Kiel,1,,
German 2. Bundesliga,2019-2020,Bochum vs Holstein Kiel,Bochum,2,Holstein Kiel,1,,
German 2. Bundesliga,2018-2019,Bochum vs Holstein Kiel,Bochum,1,Holstein Kiel,3,,
German 2. Bundesliga,2017-2018,Bochum vs Holstein Kiel,Bochum,1,Holstein Kiel,1,,
German Bundesliga,2023-2024,Bochum vs Mainz,Bochum,2,Mainz,2,16.0,13.0
German Bundesliga,2022-2023,Bochum vs Mainz,Bochum,1,Mainz,2,14.0,9.0
DFB-Pokal,2021-2022,Bochum vs Mainz,Bochum,3,Mainz,1,13.0,8.0
German Bundesliga,2021-2022,Bochum vs Mainz,Bochum,2,Mainz,0,13.0,8.0
German Bundesliga,2023-2024,Bochum vs RB Leipzig,Bochum,1,RasenBallsport Leipzig,4,16.0,
German 2. Bundesliga,2020-2021,Bochum vs St Pauli,Bochum,2,St Pauli,2,,
German 2. Bundesliga,2019-2020,Bochum vs St Pauli,Bochum,2,St Pauli,0,,
German 2. Bundesliga,2018-2019,Bochum vs St Pauli,Bochum,1,St Pauli,3,,
German 2. Bundesliga,2017-2018,Bochum vs St Pauli,Bochum,0,St Pauli,1,,
German Bundesliga,2023-2024,Bochum vs Stuttgart,Bochum,1,Stuttgart,0,16.0,2.0
German Bundesliga,2022-2023,Bochum vs Stuttgart,Bochum,2,Stuttgart,3,14.0,16.0
German Bundesliga,2021-2022,Bochum vs Stuttgart,Bochum,0,Stuttgart,0,13.0,15.0
German 2. Bundesliga,2019-2020,Bochum vs Stuttgart,Bochum,0,Stuttgart,1,,
German Bundesliga,2023-2024,Bochum vs Union Berlin,Bochum,3,Union Berlin,0,16.0,15.0
German Bundesliga,2022-2023,Bochum vs Union Berlin,Bochum,2,Union Berlin,1,14.0,4.0
German Bundesliga,2021-2022,Bochum vs Union Berlin,Bochum,0,Union Berlin,1,13.0,5.0
German 2. Bundesliga,2018-2019,Bochum vs Union Berlin,Bochum,2,Union Berlin,2,,
German 2. Bundesliga,2017-2018,Bochum vs Union Berlin,Bochum,2,Union Berlin,1,,
German Bundesliga,2023-2024,Bochum vs Werder Bremen,Bochum,1,Werder Bremen,1,16.0,9.0
German Bundesliga,2022-2023,Bochum vs Werder Bremen,Bochum,0,Werder Bremen,2,14.0,13.0
German Bundesliga,2023-2024,Bochum vs Wolfsburg,Bochum,3,Wolfsburg,1,16.0,12.0
German Bundesliga,2022-2023,Bochum vs Wolfsburg,Bochum,1,Wolfsburg,5,14.0,8.0
German Bundesliga,2021-2022,Bochum vs Wolfsburg,Bochum,1,Wolfsburg,0,13.0,12.0
German Bundesliga,2023-2024,Borussia Dortmund vs Bayer Leverkusen,Dortmund,1,Leverkusen,1,,
German Bundesliga,2012-2013,Borussia Dortmund vs Bayer Leverkusen,Borussia Dortmund,3,Bayer Leverkusen,0,,
German Bundesliga,2023-2024,Borussia Dortmund vs Bayern Munich,Dortmund,0,Bayern Munich,4,,3.0
German Bundesliga,2023-2024,Borussia Dortmund vs Bochum,Dortmund,3,Bochum,1,,16.0
German Bundesliga,2023-2024,Borussia Dortmund vs Borussia Mönchengladbach,Dortmund,4,Mönchengladbach,2,,
German Bundesliga,2012-2013,Borussia Dortmund vs Borussia Monchengladbach,Borussia Dortmund,5,Borussia Monchengladbach,0,,
German Bundesliga,2023-2024,Borussia Dortmund vs Eintracht Frankfurt,Dortmund,3,Ein Frankfurt,1,,
German Bundesliga,2023-2024,Borussia Dortmund vs FC Augsburg,Dortmund,5,Augsburg,1,,
German Bundesliga,2023-2024,Borussia Dortmund vs FC Heidenheim,Dortmund,2,FC Heidenheim,2,,8.0
German Bundesliga,2023-2024,Borussia Dortmund vs Freiburg,Dortmund,3,Freiburg,0,,10.0
DFB-Pokal,2023-2024,Borussia Dortmund vs Hoffenheim,Dortmund,1,Hoffenheim,0,,7.0
German Bundesliga,2023-2024,Borussia Dortmund vs Hoffenheim,Dortmund,2,Hoffenheim,3,,7.0
German Bundesliga,2023-2024,Borussia Dortmund vs Mainz,Dortmund,1,Mainz,1,,13.0
German Bundesliga,2023-2024,Borussia Dortmund vs RB Leipzig,Dortmund,2,RasenBallsport Leipzig,3,,
German Bundesliga,2023-2024,Borussia Dortmund vs Stuttgart,Dortmund,0,Stuttgart,1,,2.0
German Bundesliga,2023-2024,Borussia Dortmund vs Union Berlin,Dortmund,4,Union Berlin,2,,15.0
German Bundesliga,2023-2024,Borussia Dortmund vs Werder Bremen,Dortmund,1,Werder Bremen,0,,9.0
German Bundesliga,2023-2024,Borussia Dortmund vs Wolfsburg,Dortmund,1,Wolfsburg,0,,12.0
German Bundesliga,2023-2024,Borussia Mönchengladbach vs Bayer Leverkusen,Mönchengladbach,0,Leverkusen,3,,
German Bundesliga,2023-2024,Borussia Mönchengladbach vs Bayern Munich,Mönchengladbach,1,Bayern Munich,2,,3.0
German Bundesliga,2023-2024,Borussia Mönchengladbach vs Bochum,Mönchengladbach,5,Bochum,2,,16.0
German Bundesliga,2023-2024,Borussia Mönchengladbach vs Borussia Dortmund,Mönchengladbach,1,Dortmund,2,,
German Bundesliga,2023-2024,Borussia Mönchengladbach vs Eintracht Frankfurt,Mönchengladbach,1,Ein Frankfurt,1,,
German Bundesliga,2012-2013,Borussia Monchengladbach vs Eintracht Frankfurt,Borussia Monchengladbach,2,Eintracht Frankfurt,0,,
German Bundesliga,2023-2024,Borussia Mönchengladbach vs FC Augsburg,Mönchengladbach,1,Augsburg,2,,
DFB-Pokal,2023-2024,Borussia Mönchengladbach vs FC Heidenheim,Mönchengladbach,3,FC Heidenheim,1,,8.0
German Bundesliga,2023-2024,Borussia Mönchengladbach vs FC Heidenheim,Mönchengladbach,2,FC Heidenheim,1,,8.0
German Bundesliga,2023-2024,Borussia Mönchengladbach vs Freiburg,Mönchengladbach,0,Freiburg,3,,10.0
German Bundesliga,2023-2024,Borussia Mönchengladbach vs Hoffenheim,Mönchengladbach,2,Hoffenheim,1,,7.0
German Bundesliga,2023-2024,Borussia Mönchengladbach vs Mainz,Mönchengladbach,2,Mainz,2,,13.0
German Bundesliga,2023-2024,Borussia Mönchengladbach vs RB Leipzig,Mönchengladbach,0,RasenBallsport Leipzig,1,,
German Bundesliga,2023-2024,Borussia Mönchengladbach vs Stuttgart,Mönchengladbach,3,Stuttgart,1,,2.0
German Bundesliga,2023-2024,Borussia Mönchengladbach vs Union Berlin,Mönchengladbach,0,Union Berlin,0,,15.0
German Bundesliga,2023-2024,Borussia Mönchengladbach vs Werder Bremen,Mönchengladbach,2,Werder Bremen,2,,9.0
DFB-Pokal,2023-2024,Borussia Mönchengladbach vs Wolfsburg,Mönchengladbach,1,Wolfsburg,0,,12.0
German Bundesliga,2023-2024,Borussia Mönchengladbach vs Wolfsburg,Mönchengladbach,4,Wolfsburg,0,,12.0
German Bundesliga,2023-2024,Eintracht Frankfurt vs Bayer Leverkusen,Ein Frankfurt,1,Leverkusen,5,,
German Bundesliga,2023-2024,Eintracht Frankfurt vs Bayern Munich,Ein Frankfurt,5,Bayern Munich,1,,3.0
German Bundesliga,2023-2024,Eintracht Frankfurt vs Bochum,Ein Frankfurt,1,Bochum,1,,16.0
German Bundesliga,2023-2024,Eintracht Frankfurt vs Borussia Dortmund,Ein Frankfurt,3,Dortmund,3,,
German Bundesliga,2012-2013,Eintracht Frankfurt vs Borussia Dortmund,Eintracht Frankfurt,3,Borussia Dortmund,3,,
German Bundesliga,2023-2024,Eintracht Frankfurt vs Borussia Mönchengladbach,Ein Frankfurt,2,Mönchengladbach,1,,
German Bundesliga,2023-2024,Eintracht Frankfurt vs FC Augsburg,Ein Frankfurt,3,Augsburg,1,,
German Bundesliga,2023-2024,Eintracht Frankfurt vs FC Heidenheim,Ein Frankfurt,2,FC Heidenheim,0,,8.0
German Bundesliga,2023-2024,Eintracht Frankfurt vs Freiburg,Ein Frankfurt,0,Freiburg,0,,10.0
German Bundesliga,2012-2013,Eintracht Frankfurt vs Freiburg,Eintracht Frankfurt,2,Freiburg,1,,5.0
German Bundesliga,2023-2024,Eintracht Frankfurt vs Hoffenheim,Ein Frankfurt,3,Hoffenheim,1,,7.0
German Bundesliga,2023-2024,Eintracht Frankfurt vs Mainz,Ein Frankfurt,1,Mainz,0,,13.0
German Bundesliga,2023-2024,Eintracht Frankfurt vs RB Leipzig,Ein Frankfurt,2,RasenBallsport Leipzig,2,,
German Bundesliga,2023-2024,Eintracht Frankfurt vs Stuttgart,Ein Frankfurt,1,Stuttgart,2,,2.0
German Bundesliga,2023-2024,Eintracht Frankfurt vs Union Berlin,Ein Frankfurt,0,Union Berlin,0,,15.0
German Bundesliga,2023-2024,Eintracht Frankfurt vs Werder Bremen,Ein Frankfurt,1,Werder Bremen,1,,9.0
German Bundesliga,2023-2024,Eintracht Frankfurt vs Wolfsburg,Ein Frankfurt,2,Wolfsburg,2,,12.0
German Bundesliga,2023-2024,FC Augsburg vs Bayer Leverkusen,Augsburg,0,Leverkusen,1,,
German Bundesliga,2023-2024,FC Augsburg vs Bayern Munich,Augsburg,2,Bayern Munich,3,,3.0
German Bundesliga,2023-2024,FC Augsburg vs Bochum,Augsburg,2,Bochum,2,,16.0
German Bundesliga,2023-2024,FC Augsburg vs Borussia Dortmund,Augsburg,1,Dortmund,1,,
German Bundesliga,2023-2024,FC Augsburg vs Borussia Mönchengladbach,Augsburg,4,Mönchengladbach,4,,
German Bundesliga,2023-2024,FC Augsburg vs Eintracht Frankfurt,Augsburg,2,Ein Frankfurt,1,,
German Bundesliga,2023-2024,FC Augsburg vs FC Heidenheim,Augsburg,1,FC Heidenheim,0,,8.0
German Bundesliga,2023-2024,FC Augsburg vs Freiburg,Augsburg,2,Freiburg,1,,10.0
German Bundesliga,2023-2024,FC Augsburg vs Hoffenheim,Augsburg,1,Hoffenheim,1,,7.0
German Bundesliga,2023-2024,FC Augsburg vs Mainz,Augsburg,2,Mainz,1,,13.0
German Bundesliga,2023-2024,FC Augsburg vs RB Leipzig,Augsburg,2,RasenBallsport Leipzig,2,,
German Bundesliga,2023-2024,FC Augsburg vs Stuttgart,Augsburg,0,Stuttgart,1,,2.0
German Bundesliga,2023-2024,FC Augsburg vs Union Berlin,Augsburg,2,Union Berlin,0,,15.0
German Bundesliga,2023-2024,FC Augsburg vs Werder Bremen,Augsburg,0,Werder Bremen,3,,9.0
German Bundesliga,2023-2024,FC Augsburg vs Wolfsburg,Augsburg,3,Wolfsburg,2,,12.0
German Bundesliga,2023-2024,FC Heidenheim vs Bayer Leverkusen,FC Heidenheim,1,Leverkusen,2,8.0,
German Bundesliga,2023-2024,FC Heidenheim vs Bayern Munich,FC Heidenheim,3,Bayern Munich,2,8.0,3.0
German Bundesliga,2023-2024,FC Heidenheim vs Bochum,FC Heidenheim,0,Bochum,0,8.0,16.0
German 2. Bundesliga,2020-2021,FC Heidenheim vs Bochum,FC Heidenheim,0,Bochum,2,,
German 2. Bundesliga,2019-2020,FC Heidenheim vs Bochum,FC Heidenheim,2,Bochum,3,,
German 2. Bundesliga,2018-2019,FC Heidenheim vs Bochum,FC Heidenheim,3,Bochum,2,,
German 2. Bundesliga,2017-2018,FC Heidenheim vs Bochum,FC Heidenheim,1,Bochum,0,,
German Bundesliga,2023-2024,FC Heidenheim vs Borussia Dortmund,FC Heidenheim,0,Dortmund,0,8.0,
German Bundesliga,2023-2024,FC Heidenheim vs Borussia Mönchengladbach,FC Heidenheim,1,Mönchengladbach,1,8.0,
German Bundesliga,2023-2024,FC Heidenheim vs Eintracht Frankfurt,FC Heidenheim,1,Ein Frankfurt,2,8.0,
German Bundesliga,2023-2024,FC Heidenheim vs FC Augsburg,FC Heidenheim,2,Augsburg,5,8.0,
German Bundesliga,2023-2024,FC Heidenheim vs Freiburg,FC Heidenheim,3,Freiburg,2,8.0,10.0
German Bundesliga,2023-2024,FC Heidenheim vs Hoffenheim,FC Heidenheim,2,Hoffenheim,3,8.0,7.0
Club Friendlies,2021-2022,FC Heidenheim vs Hoffenheim,FC Heidenheim,1,Hoffenheim,0,,9.0
German 2. Bundesliga,2022-2023,FC Heidenheim vs Holstein Kiel,FC Heidenheim,3,Holstein Kiel,0,,
German 2. Bundesliga,2021-2022,FC Heidenheim vs Holstein Kiel,FC Heidenheim,2,Holstein Kiel,1,,
German 2. Bundesliga,2020-2021,FC Heidenheim vs Holstein Kiel,FC Heidenheim,1,Holstein Kiel,0,,
German 2. Bundesliga,2019-2020,FC Heidenheim vs Holstein Kiel,FC Heidenheim,3,Holstein Kiel,0,,
German 2. Bundesliga,2018-2019,FC Heidenheim vs Holstein Kiel,FC Heidenheim,2,Holstein Kiel,2,,
German 2. Bundesliga,2017-2018,FC Heidenheim vs Holstein Kiel,FC Heidenheim,3,Holstein Kiel,5,,
German Bundesliga,2023-2024,FC Heidenheim vs Mainz,FC Heidenheim,1,Mainz,1,8.0,13.0
German Bundesliga,2023-2024,FC Heidenheim vs RB Leipzig,FC Heidenheim,1,RasenBallsport Leipzig,2,8.0,
German 2. Bundesliga,2022-2023,FC Heidenheim vs St Pauli,FC Heidenheim,0,St Pauli,1,,
German 2. Bundesliga,2021-2022,FC Heidenheim vs St Pauli,FC Heidenheim,2,St Pauli,4,,
German 2. Bundesliga,2020-2021,FC Heidenheim vs St Pauli,FC Heidenheim,3,St Pauli,4,,
German 2. Bundesliga,2019-2020,FC Heidenheim vs St Pauli,FC Heidenheim,1,St Pauli,0,,
German 2. Bundesliga,2018-2019,FC Heidenheim vs St Pauli,FC Heidenheim,3,St Pauli,0,,
German 2. Bundesliga,2017-2018,FC Heidenheim vs St Pauli,FC Heidenheim,3,St Pauli,1,,
German Bundesliga,2023-2024,FC Heidenheim vs Stuttgart,FC Heidenheim,2,Stuttgart,0,8.0,2.0
German 2. Bundesliga,2019-2020,FC Heidenheim vs Stuttgart,FC Heidenheim,2,Stuttgart,2,,
German Bundesliga,2023-2024,FC Heidenheim vs Union Berlin,FC Heidenheim,1,Union Berlin,0,8.0,15.0
German 2. Bundesliga,2018-2019,FC Heidenheim vs Union Berlin,FC Heidenheim,2,Union Berlin,1,,
German 2. Bundesliga,2017-2018,FC Heidenheim vs Union Berlin,FC Heidenheim,4,Union Berlin,3,,
German Bundesliga,2023-2024,FC Heidenheim vs Werder Bremen,FC Heidenheim,4,Werder Bremen,2,8.0,9.0
German 2. Bundesliga,2021-2022,FC Heidenheim vs Werder Bremen,FC Heidenheim,2,Werder Bremen,1,,
German 2. Bundesliga,2019-2020,FC Heidenheim vs Werder Bremen,FC Heidenheim,1,Werder Bremen,2,,16.0
German Bundesliga,2023-2024,FC Heidenheim vs Wolfsburg,FC Heidenheim,1,Wolfsburg,1,8.0,12.0
German Bundesliga,2023-2024,Freiburg vs Bayer Leverkusen,Freiburg,2,Leverkusen,3,10.0,
German Bundesliga,2023-2024,Freiburg vs Bayern Munich,Freiburg,2,Bayern Munich,2,10.0,3.0
German Bundesliga,2022-2023,Freiburg vs Bayern Munich,Freiburg,0,Bayern Munich,1,5.0,1.0
German Bundesliga,2021-2022,Freiburg vs Bayern Munich,Freiburg,1,Bayern Munich,4,6.0,1.0
German Bundesliga,2020-2021,Freiburg vs Bayern Munich,Freiburg,2,Bayern Munich,2,10.0,1.0
German Bundesliga,2019-2020,Freiburg vs Bayern Munich,Freiburg,1,Bayern Munich,3,8.0,1.0
German Bundesliga,2018-2019,Freiburg vs Bayern Munich,Freiburg,1,Bayern Munich,1,13.0,1.0
German Bundesliga,2017-2018,Freiburg vs Bayern Munich,Freiburg,0,Bayern Munich,4,12.0,1.0
German Bundesliga,2016-2017,Freiburg vs Bayern Munich,Freiburg,1,Bayern Munich,2,7.0,1.0
German Bundesliga,2010-2011,Freiburg vs Bayern Munich,Freiburg,1,Bayern Munich,2,9.0,3.0
German Bundesliga,2011-2012,Freiburg vs Bayern Munich,Freiburg,0,Bayern Munich,0,12.0,2.0
German Bundesliga,2012-2013,Freiburg vs Bayern Munich,Freiburg,0,Bayern Munich,2,5.0,1.0
German Bundesliga,2013-2014,Freiburg vs Bayern Munich,Freiburg,1,Bayern Munich,1,14.0,1.0
German Bundesliga,2014-2015,Freiburg vs Bayern Munich,Freiburg,2,Bayern Munich,1,17.0,1.0
German Bundesliga,2023-2024,Freiburg vs Bochum,Freiburg,2,Bochum,1,10.0,16.0
German Bundesliga,2022-2023,Freiburg vs Bochum,Freiburg,1,Bochum,0,5.0,14.0
German Bundesliga,2021-2022,Freiburg vs Bochum,Freiburg,3,Bochum,0,6.0,13.0
German Bundesliga,2023-2024,Freiburg vs Borussia Dortmund,Freiburg,2,Dortmund,4,10.0,
German Bundesliga,2023-2024,Freiburg vs Borussia Mönchengladbach,Freiburg,3,Mönchengladbach,3,10.0,
German Bundesliga,2023-2024,Freiburg vs Eintracht Frankfurt,Freiburg,3,Ein Frankfurt,3,10.0,
German Bundesliga,2023-2024,Freiburg vs FC Augsburg,Freiburg,2,Augsburg,0,10.0,
German Bundesliga,2023-2024,Freiburg vs FC Heidenheim,Freiburg,1,FC Heidenheim,1,10.0,8.0
German Bundesliga,2023-2024,Freiburg vs Hoffenheim,Freiburg,3,Hoffenheim,2,10.0,7.0
German Bundesliga,2022-2023,Freiburg vs Hoffenheim,Freiburg,2,Hoffenheim,1,5.0,12.0
German Bundesliga,2021-2022,Freiburg vs Hoffenheim,Freiburg,1,Hoffenheim,2,6.0,9.0
German Bundesliga,2020-2021,Freiburg vs Hoffenheim,Freiburg,1,Hoffenheim,1,10.0,11.0
German Bundesliga,2019-2020,Freiburg vs Hoffenheim,Freiburg,1,Hoffenheim,0,8.0,6.0
German Bundesliga,2018-2019,Freiburg vs Hoffenheim,Freiburg,2,Hoffenheim,4,13.0,9.0
German Bundesliga,2017-2018,Freiburg vs Hoffenheim,Freiburg,3,Hoffenheim,2,12.0,8.0
German Bundesliga,2016-2017,Freiburg vs Hoffenheim,Freiburg,1,Hoffenheim,1,7.0,4.0
German Bundesliga,2010-2011,Freiburg vs Hoffenheim,Freiburg,3,Hoffenheim,2,9.0,11.0
German Bundesliga,2011-2012,Freiburg vs Hoffenheim,Freiburg,0,Hoffenheim,0,12.0,11.0
German Bundesliga,2012-2013,Freiburg vs Hoffenheim,Freiburg,5,Hoffenheim,3,5.0,16.0
German Bundesliga,2013-2014,Freiburg vs Hoffenheim,Freiburg,1,Hoffenheim,1,14.0,9.0
German Bundesliga,2014-2015,Freiburg vs Hoffenheim,Freiburg,1,Hoffenheim,1,17.0,8.0
German Bundesliga,2023-2024,Freiburg vs Mainz,Freiburg,1,Mainz,1,10.0,13.0
German Bundesliga,2022-2023,Freiburg vs Mainz,Freiburg,2,Mainz,1,5.0,9.0
German Bundesliga,2021-2022,Freiburg vs Mainz,Freiburg,1,Mainz,1,6.0,8.0
German Bundesliga,2020-2021,Freiburg vs Mainz,Freiburg,1,Mainz,3,10.0,12.0
German Bundesliga,2019-2020,Freiburg vs Mainz,Freiburg,3,Mainz,0,8.0,13.0
German Bundesliga,2018-2019,Freiburg vs Mainz,Freiburg,1,Mainz,3,13.0,12.0
German Bundesliga,2017-2018,Freiburg vs Mainz,Freiburg,2,Mainz,1,12.0,16.0
German Bundesliga,2016-2017,Freiburg vs Mainz,Freiburg,1,Mainz,0,7.0,15.0
German Bundesliga,2010-2011,Freiburg vs Mainz,Freiburg,1,Mainz,0,9.0,5.0
German Bundesliga,2011-2012,Freiburg vs Mainz,Freiburg,1,Mainz,2,12.0,13.0
German Bundesliga,2012-2013,Freiburg vs Mainz,Freiburg,1,Mainz,1,5.0,13.0
German Bundesliga,2013-2014,Freiburg vs Mainz,Freiburg,1,Mainz,2,14.0,7.0
German Bundesliga,2014-2015,Freiburg vs Mainz,Freiburg,2,Mainz,3,17.0,11.0
German Bundesliga,2023-2024,Freiburg vs RB Leipzig,Freiburg,1,RasenBallsport Leipzig,4,10.0,
DFB-Pokal,2022-2023,Freiburg vs St Pauli,Freiburg,2,St Pauli,1,5.0,
Club Friendlies,2021-2022,Freiburg vs St Pauli,Freiburg,3,St Pauli,0,6.0,
German Bundesliga,2010-2011,Freiburg vs St Pauli,Freiburg,1,St Pauli,3,9.0,18.0
German Bundesliga,2023-2024,Freiburg vs Stuttgart,Freiburg,1,Stuttgart,3,10.0,2.0
German Bundesliga,2022-2023,Freiburg vs Stuttgart,Freiburg,2,Stuttgart,1,5.0,16.0
German Bundesliga,2021-2022,Freiburg vs Stuttgart,Freiburg,2,Stuttgart,0,6.0,15.0
German Bundesliga,2020-2021,Freiburg vs Stuttgart,Freiburg,2,Stuttgart,1,10.0,9.0
German Bundesliga,2018-2019,Freiburg vs Stuttgart,Freiburg,3,Stuttgart,3,13.0,16.0
German Bundesliga,2017-2018,Freiburg vs Stuttgart,Freiburg,1,Stuttgart,2,12.0,14.0
German Bundesliga,2010-2011,Freiburg vs Stuttgart,Freiburg,2,Stuttgart,1,9.0,12.0
German Bundesliga,2011-2012,Freiburg vs Stuttgart,Freiburg,1,Stuttgart,2,12.0,6.0
German Bundesliga,2013-2014,Freiburg vs Stuttgart,Freiburg,1,Stuttgart,3,14.0,15.0
German Bundesliga,2014-2015,Freiburg vs Stuttgart,Freiburg,1,Stuttgart,4,17.0,14.0
German Bundesliga,2023-2024,Freiburg vs Union Berlin,Freiburg,0,Union Berlin,0,10.0,15.0
German Bundesliga,2022-2023,Freiburg vs Union Berlin,Freiburg,4,Union Berlin,1,5.0,4.0
German Bundesliga,2021-2022,Freiburg vs Union Berlin,Freiburg,1,Union Berlin,4,6.0,5.0
German Bundesliga,2020-2021,Freiburg vs Union Berlin,Freiburg,0,Union Berlin,1,10.0,7.0
DFB-Pokal,2019-2020,Freiburg vs Union Berlin,Freiburg,1,Union Berlin,3,8.0,11.0
German Bundesliga,2019-2020,Freiburg vs Union Berlin,Freiburg,3,Union Berlin,1,8.0,11.0
German Bundesliga,2023-2024,Freiburg vs Werder Bremen,Freiburg,1,Werder Bremen,0,10.0,9.0
German Bundesliga,2022-2023,Freiburg vs Werder Bremen,Freiburg,2,Werder Bremen,0,5.0,13.0
German Bundesliga,2020-2021,Freiburg vs Werder Bremen,Freiburg,1,Werder Bremen,1,10.0,17.0
German Bundesliga,2019-2020,Freiburg vs Werder Bremen,Freiburg,0,Werder Bremen,1,8.0,16.0
German Bundesliga,2018-2019,Freiburg vs Werder Bremen,Freiburg,1,Werder Bremen,1,13.0,8.0
German Bundesliga,2017-2018,Freiburg vs Werder Bremen,Freiburg,1,Werder Bremen,0,12.0,15.0
German Bundesliga,2016-2017,Freiburg vs Werder Bremen,Freiburg,2,Werder Bremen,5,7.0,8.0
German Bundesliga,2010-2011,Freiburg vs Werder Bremen,Freiburg,1,Werder Bremen,3,9.0,13.0
German Bundesliga,2011-2012,Freiburg vs Werder Bremen,Freiburg,2,Werder Bremen,2,12.0,9.0
German Bundesliga,2012-2013,Freiburg vs Werder Bremen,Freiburg,1,Werder Bremen,2,5.0,14.0
German Bundesliga,2013-2014,Freiburg vs Werder Bremen,Freiburg,3,Werder Bremen,1,14.0,12.0
German Bundesliga,2014-2015,Freiburg vs Werder Bremen,Freiburg,0,Werder Bremen,1,17.0,10.0
German Bundesliga,2023-2024,Freiburg vs Wolfsburg,Freiburg,1,Wolfsburg,2,10.0,12.0
German Bundesliga,2022-2023,Freiburg vs Wolfsburg,Freiburg,2,Wolfsburg,0,5.0,8.0
German Bundesliga,2021-2022,Freiburg vs Wolfsburg,Freiburg,3,Wolfsburg,2,6.0,12.0
German Bundesliga,2020-2021,Freiburg vs Wolfsburg,Freiburg,1,Wolfsburg,1,10.0,4.0
German Bundesliga,2019-2020,Freiburg vs Wolfsburg,Freiburg,1,Wolfsburg,0,8.0,7.0
German Bundesliga,2018-2019,Freiburg vs Wolfsburg,Freiburg,3,Wolfsburg,3,13.0,6.0
German Bundesliga,2017-2018,Freiburg vs Wolfsburg,Freiburg,0,Wolfsburg,2,12.0,13.0
German Bundesliga,2016-2017,Freiburg vs Wolfsburg,Freiburg,0,Wolfsburg,3,7.0,16.0
German Bundesliga,2010-2011,Freiburg vs Wolfsburg,Freiburg,2,Wolfsburg,1,9.0,15.0
German Bundesliga,2011-2012,Freiburg vs Wolfsburg,Freiburg,3,Wolfsburg,0,12.0,8.0
German Bundesliga,2012-2013,Freiburg vs Wolfsburg,Freiburg,2,Wolfsburg,5,5.0,11.0
German Bundesliga,2013-2014,Freiburg vs Wolfsburg,Freiburg,0,Wolfsburg,3,14.0,5.0
German Bundesliga,2014-2015,Freiburg vs Wolfsburg,Freiburg,1,Wolfsburg,2,17.0,2.0
German Bundesliga,2023-2024,Hoffenheim vs Bayer Leverkusen,Hoffenheim,2,Leverkusen,3,7.0,
German Bundesliga,2023-2024,Hoffenheim vs Bayern Munich,Hoffenheim,4,Bayern Munich,2,7.0,3.0
German Bundesliga,2022-2023,Hoffenheim vs Bayern Munich,Hoffenheim,0,Bayern Munich,2,12.0,1.0
German Bundesliga,2021-2022,Hoffenheim vs Bayern Munich,Hoffenheim,1,Bayern Munich,1,9.0,1.0
German Bundesliga,2020-2021,Hoffenheim vs Bayern Munich,Hoffenheim,4,Bayern Munich,1,11.0,1.0
German Bundesliga,2019-2020,Hoffenheim vs Bayern Munich,Hoffenheim,0,Bayern Munich,6,6.0,1.0
German Bundesliga,2018-2019,Hoffenheim vs Bayern Munich,Hoffenheim,1,Bayern Munich,3,9.0,1.0
German Bundesliga,2017-2018,Hoffenheim vs Bayern Munich,Hoffenheim,2,Bayern Munich,0,8.0,1.0
German Bundesliga,2016-2017,Hoffenheim vs Bayern Munich,Hoffenheim,1,Bayern Munich,0,4.0,1.0
German Bundesliga,2015-2016,Hoffenheim vs Bayern Munich,Hoffenheim,1,Bayern Munich,2,15.0,1.0
German Bundesliga,2010-2011,Hoffenheim vs Bayern Munich,Hoffenheim,1,Bayern Munich,2,11.0,3.0
German Bundesliga,2011-2012,Hoffenheim vs Bayern Munich,Hoffenheim,0,Bayern Munich,0,11.0,2.0
German Bundesliga,2012-2013,Hoffenheim vs Bayern Munich,Hoffenheim,0,Bayern Munich,1,16.0,1.0
German Bundesliga,2013-2014,Hoffenheim vs Bayern Munich,Hoffenheim,1,Bayern Munich,2,9.0,1.0
German Bundesliga,2014-2015,Hoffenheim vs Bayern Munich,Hoffenheim,0,Bayern Munich,2,8.0,1.0
German Bundesliga,2023-2024,Hoffenheim vs Bochum,Hoffenheim,3,Bochum,1,7.0,16.0
German Bundesliga,2022-2023,Hoffenheim vs Bochum,Hoffenheim,3,Bochum,2,12.0,14.0
German Bundesliga,2021-2022,Hoffenheim vs Bochum,Hoffenheim,1,Bochum,2,9.0,13.0
German Bundesliga,2023-2024,Hoffenheim vs Borussia Dortmund,Hoffenheim,1,Dortmund,3,7.0,
German Bundesliga,2023-2024,Hoffenheim vs Borussia Mönchengladbach,Hoffenheim,4,Mönchengladbach,3,7.0,
German Bundesliga,2023-2024,Hoffenheim vs Eintracht Frankfurt,Hoffenheim,1,Ein Frankfurt,3,7.0,
German Bundesliga,2023-2024,Hoffenheim vs FC Augsburg,Hoffenheim,3,Augsburg,1,7.0,
German Bundesliga,2023-2024,Hoffenheim vs FC Heidenheim,Hoffenheim,1,FC Heidenheim,1,7.0,8.0
German Bundesliga,2023-2024,Hoffenheim vs Freiburg,Hoffenheim,1,Freiburg,2,7.0,10.0
German Bundesliga,2022-2023,Hoffenheim vs Freiburg,Hoffenheim,0,Freiburg,0,12.0,5.0
DFB-Pokal,2021-2022,Hoffenheim vs Freiburg,Hoffenheim,1,Freiburg,4,9.0,6.0
German Bundesliga,2021-2022,Hoffenheim vs Freiburg,Hoffenheim,3,Freiburg,4,9.0,6.0
German Bundesliga,2020-2021,Hoffenheim vs Freiburg,Hoffenheim,1,Freiburg,3,11.0,10.0
German Bundesliga,2019-2020,Hoffenheim vs Freiburg,Hoffenheim,0,Freiburg,3,6.0,8.0
German Bundesliga,2018-2019,Hoffenheim vs Freiburg,Hoffenheim,3,Freiburg,1,9.0,13.0
German Bundesliga,2017-2018,Hoffenheim vs Freiburg,Hoffenheim,1,Freiburg,1,8.0,12.0
German Bundesliga,2016-2017,Hoffenheim vs Freiburg,Hoffenheim,2,Freiburg,1,4.0,7.0
German Bundesliga,2010-2011,Hoffenheim vs Freiburg,Hoffenheim,0,Freiburg,1,11.0,9.0
German Bundesliga,2011-2012,Hoffenheim vs Freiburg,Hoffenheim,1,Freiburg,1,11.0,12.0
German Bundesliga,2012-2013,Hoffenheim vs Freiburg,Hoffenheim,2,Freiburg,1,16.0,5.0
German Bundesliga,2013-2014,Hoffenheim vs Freiburg,Hoffenheim,3,Freiburg,3,9.0,14.0
German Bundesliga,2014-2015,Hoffenheim vs Freiburg,Hoffenheim,3,Freiburg,3,8.0,17.0
DFB-Pokal,2021-2022,Hoffenheim vs Holstein Kiel,Hoffenheim,5,Holstein Kiel,1,9.0,
German Bundesliga,2023-2024,Hoffenheim vs Mainz,Hoffenheim,1,Mainz,1,7.0,13.0
German Bundesliga,2022-2023,Hoffenheim vs Mainz,Hoffenheim,4,Mainz,1,12.0,9.0
German Bundesliga,2021-2022,Hoffenheim vs Mainz,Hoffenheim,0,Mainz,2,9.0,8.0
Club Friendlies,2020-2021,Hoffenheim vs Mainz,Hoffenheim,2,Mainz,1,11.0,12.0
German Bundesliga,2020-2021,Hoffenheim vs Mainz,Hoffenheim,1,Mainz,2,11.0,12.0
German Bundesliga,2019-2020,Hoffenheim vs Mainz,Hoffenheim,1,Mainz,5,6.0,13.0
German Bundesliga,2018-2019,Hoffenheim vs Mainz,Hoffenheim,1,Mainz,1,9.0,12.0
German Bundesliga,2017-2018,Hoffenheim vs Mainz,Hoffenheim,4,Mainz,2,8.0,16.0
German Bundesliga,2016-2017,Hoffenheim vs Mainz,Hoffenheim,4,Mainz,0,4.0,15.0
German Bundesliga,2015-2016,Hoffenheim vs Mainz,Hoffenheim,3,Mainz,2,15.0,6.0
German Bundesliga,2010-2011,Hoffenheim vs Mainz,Hoffenheim,1,Mainz,2,11.0,5.0
German Bundesliga,2011-2012,Hoffenheim vs Mainz,Hoffenheim,1,Mainz,1,11.0,13.0
German Bundesliga,2012-2013,Hoffenheim vs Mainz,Hoffenheim,0,Mainz,0,16.0,13.0
German Bundesliga,2013-2014,Hoffenheim vs Mainz,Hoffenheim,2,Mainz,4,9.0,7.0
German Bundesliga,2014-2015,Hoffenheim vs Mainz,Hoffenheim,2,Mainz,0,8.0,11.0
German Bundesliga,2023-2024,Hoffenheim vs RB Leipzig,Hoffenheim,1,RasenBallsport Leipzig,1,7.0,
German Bundesliga,2010-2011,Hoffenheim vs St Pauli,Hoffenheim,2,St Pauli,2,11.0,18.0
German Bundesliga,2023-2024,Hoffenheim vs Stuttgart,Hoffenheim,0,Stuttgart,3,7.0,2.0
German Bundesliga,2022-2023,Hoffenheim vs Stuttgart,Hoffenheim,2,Stuttgart,2,12.0,16.0
German Bundesliga,2021-2022,Hoffenheim vs Stuttgart,Hoffenheim,2,Stuttgart,1,9.0,15.0
German Bundesliga,2020-2021,Hoffenheim vs Stuttgart,Hoffenheim,3,Stuttgart,3,11.0,9.0
German Bundesliga,2018-2019,Hoffenheim vs Stuttgart,Hoffenheim,4,Stuttgart,0,9.0,16.0
German Bundesliga,2017-2018,Hoffenheim vs Stuttgart,Hoffenheim,1,Stuttgart,0,8.0,14.0
German Bundesliga,2015-2016,Hoffenheim vs Stuttgart,Hoffenheim,2,Stuttgart,2,15.0,17.0
German Bundesliga,2010-2011,Hoffenheim vs Stuttgart,Hoffenheim,1,Stuttgart,2,11.0,12.0
German Bundesliga,2011-2012,Hoffenheim vs Stuttgart,Hoffenheim,1,Stuttgart,2,11.0,6.0
German Bundesliga,2012-2013,Hoffenheim vs Stuttgart,Hoffenheim,0,Stuttgart,1,16.0,12.0
German Bundesliga,2014-2015,Hoffenheim vs Stuttgart,Hoffenheim,2,Stuttgart,1,8.0,14.0
German Bundesliga,2023-2024,Hoffenheim vs Union Berlin,Hoffenheim,0,Union Berlin,1,7.0,15.0
German Bundesliga,2022-2023,Hoffenheim vs Union Berlin,Hoffenheim,4,Union Berlin,2,12.0,4.0
German Bundesliga,2021-2022,Hoffenheim vs Union Berlin,Hoffenheim,2,Union Berlin,2,9.0,5.0
German Bundesliga,2020-2021,Hoffenheim vs Union Berlin,Hoffenheim,1,Union Berlin,3,11.0,7.0
German Bundesliga,2019-2020,Hoffenheim vs Union Berlin,Hoffenheim,4,Union Berlin,0,6.0,11.0
German Bundesliga,2023-2024,Hoffenheim vs Werder Bremen,Hoffenheim,2,Werder Bremen,1,7.0,9.0
German Bundesliga,2022-2023,Hoffenheim vs Werder Bremen,Hoffenheim,1,Werder Bremen,2,12.0,13.0
German Bundesliga,2020-2021,Hoffenheim vs Werder Bremen,Hoffenheim,4,Werder Bremen,0,11.0,17.0
German Bundesliga,2019-2020,Hoffenheim vs Werder Bremen,Hoffenheim,3,Werder Bremen,2,6.0,16.0
German Bundesliga,2018-2019,Hoffenheim vs Werder Bremen,Hoffenheim,0,Werder Bremen,1,9.0,8.0
German Bundesliga,2017-2018,Hoffenheim vs Werder Bremen,Hoffenheim,1,Werder Bremen,0,8.0,15.0
German Bundesliga,2016-2017,Hoffenheim vs Werder Bremen,Hoffenheim,1,Werder Bremen,1,4.0,8.0
German Bundesliga,2015-2016,Hoffenheim vs Werder Bremen,Hoffenheim,1,Werder Bremen,3,15.0,13.0
German Bundesliga,2010-2011,Hoffenheim vs Werder Bremen,Hoffenheim,4,Werder Bremen,1,11.0,13.0
German Bundesliga,2011-2012,Hoffenheim vs Werder Bremen,Hoffenheim,1,Werder Bremen,2,11.0,9.0
German Bundesliga,2012-2013,Hoffenheim vs Werder Bremen,Hoffenheim,1,Werder Bremen,4,16.0,14.0
German Bundesliga,2013-2014,Hoffenheim vs Werder Bremen,Hoffenheim,4,Werder Bremen,4,9.0,12.0
German Bundesliga,2014-2015,Hoffenheim vs Werder Bremen,Hoffenheim,1,Werder Bremen,2,8.0,10.0
German Bundesliga,2023-2024,Hoffenheim vs Wolfsburg,Hoffenheim,3,Wolfsburg,1,7.0,12.0
German Bundesliga,2022-2023,Hoffenheim vs Wolfsburg,Hoffenheim,1,Wolfsburg,2,12.0,8.0
German Bundesliga,2021-2022,Hoffenheim vs Wolfsburg,Hoffenheim,3,Wolfsburg,1,9.0,12.0
German Bundesliga,2020-2021,Hoffenheim vs Wolfsburg,Hoffenheim,2,Wolfsburg,1,11.0,4.0
German Bundesliga,2019-2020,Hoffenheim vs Wolfsburg,Hoffenheim,2,Wolfsburg,3,6.0,7.0
German Bundesliga,2018-2019,Hoffenheim vs Wolfsburg,Hoffenheim,1,Wolfsburg,4,9.0,6.0
German Bundesliga,2017-2018,Hoffenheim vs Wolfsburg,Hoffenheim,3,Wolfsburg,0,8.0,13.0
German Bundesliga,2016-2017,Hoffenheim vs Wolfsburg,Hoffenheim,0,Wolfsburg,0,4.0,16.0
German Bundesliga,2015-2016,Hoffenheim vs Wolfsburg,Hoffenheim,1,Wolfsburg,0,15.0,8.0
German Bundesliga,2010-2011,Hoffenheim vs Wolfsburg,Hoffenheim,1,Wolfsburg,3,11.0,15.0
German Bundesliga,2011-2012,Hoffenheim vs Wolfsburg,Hoffenheim,3,Wolfsburg,1,11.0,8.0
German Bundesliga,2012-2013,Hoffenheim vs Wolfsburg,Hoffenheim,1,Wolfsburg,3,16.0,11.0
German Bundesliga,2013-2014,Hoffenheim vs Wolfsburg,Hoffenheim,6,Wolfsburg,2,9.0,5.0
German Bundesliga,2014-2015,Hoffenheim vs Wolfsburg,Hoffenheim,1,Wolfsburg,1,8.0,2.0
DFB-Pokal,2020-2021,Holstein Kiel vs Bayern Munich,Holstein Kiel,2,Bayern Munich,2,,1.0
German 2. Bundesliga,2020-2021,Holstein Kiel vs Bochum,Holstein Kiel,3,Bochum,1,,
German 2. Bundesliga,2019-2020,Holstein Kiel vs Bochum,Holstein Kiel,2,Bochum,1,,
German 2. Bundesliga,2018-2019,Holstein Kiel vs Bochum,Holstein Kiel,2,Bochum,2,,
German 2. Bundesliga,2017-2018,Holstein Kiel vs Bochum,Holstein Kiel,3,Bochum,0,,
German 2. Bundesliga,2022-2023,Holstein Kiel vs FC Heidenheim,Holstein Kiel,3,FC Heidenheim,1,,
German 2. Bundesliga,2021-2022,Holstein Kiel vs FC Heidenheim,Holstein Kiel,1,FC Heidenheim,1,,
German 2. Bundesliga,2020-2021,Holstein Kiel vs FC Heidenheim,Holstein Kiel,2,FC Heidenheim,2,,
German 2. Bundesliga,2019-2020,Holstein Kiel vs FC Heidenheim,Holstein Kiel,0,FC Heidenheim,1,,
German 2. Bundesliga,2018-2019,Holstein Kiel vs FC Heidenheim,Holstein Kiel,1,FC Heidenheim,1,,
German 2. Bundesliga,2017-2018,Holstein Kiel vs FC Heidenheim,Holstein Kiel,2,FC Heidenheim,1,,
DFB-Pokal,2018-2019,Holstein Kiel vs Freiburg,Holstein Kiel,2,Freiburg,1,,13.0
German 2. Bundesliga,2023-2024,Holstein Kiel vs St Pauli,Holstein Kiel,3,St Pauli,4,,
German 2. Bundesliga,2022-2023,Holstein Kiel vs St Pauli,Holstein Kiel,3,St Pauli,4,,
German 2. Bundesliga,2021-2022,Holstein Kiel vs St Pauli,Holstein Kiel,3,St Pauli,0,,
Club Friendlies,2020-2021,Holstein Kiel vs St Pauli,Holstein Kiel,2,St Pauli,1,,
German 2. Bundesliga,2020-2021,Holstein Kiel vs St Pauli,Holstein Kiel,4,St Pauli,0,,
German 2. Bundesliga,2019-2020,Holstein Kiel vs St Pauli,Holstein Kiel,2,St Pauli,1,,
German 2. Bundesliga,2018-2019,Holstein Kiel vs St Pauli,Holstein Kiel,2,St Pauli,1,,
German 2. Bundesliga,2017-2018,Holstein Kiel vs St Pauli,Holstein Kiel,0,St Pauli,1,,
German 2. Bundesliga,2019-2020,Holstein Kiel vs Stuttgart,Holstein Kiel,3,Stuttgart,2,,
German 2. Bundesliga,2018-2019,Holstein Kiel vs Union Berlin,Holstein Kiel,0,Union Berlin,2,,
German 2. Bundesliga,2017-2018,Holstein Kiel vs Union Berlin,Holstein Kiel,2,Union Berlin,2,,
German 2. Bundesliga,2021-2022,Holstein Kiel vs Werder Bremen,Holstein Kiel,2,Werder Bremen,1,,
German Bundesliga,2023-2024,Mainz vs Bayer Leverkusen,Mainz,0,Leverkusen,3,13.0,
German Bundesliga,2023-2024,Mainz vs Bayern Munich,Mainz,1,Bayern Munich,3,13.0,3.0
DFB-Pokal,2022-2023,Mainz vs Bayern Munich,Mainz,0,Bayern Munich,4,9.0,1.0
German Bundesliga,2022-2023,Mainz vs Bayern Munich,Mainz,3,Bayern Munich,1,9.0,1.0
German Bundesliga,2021-2022,Mainz vs Bayern Munich,Mainz,3,Bayern Munich,1,8.0,1.0
German Bundesliga,2020-2021,Mainz vs Bayern Munich,Mainz,2,Bayern Munich,1,12.0,1.0
German Bundesliga,2019-2020,Mainz vs Bayern Munich,Mainz,1,Bayern Munich,3,13.0,1.0
German Bundesliga,2018-2019,Mainz vs Bayern Munich,Mainz,1,Bayern Munich,2,12.0,1.0
German Bundesliga,2017-2018,Mainz vs Bayern Munich,Mainz,0,Bayern Munich,2,16.0,1.0
German Bundesliga,2016-2017,Mainz vs Bayern Munich,Mainz,1,Bayern Munich,3,15.0,1.0
German Bundesliga,2015-2016,Mainz vs Bayern Munich,Mainz,0,Bayern Munich,3,6.0,1.0
German Bundesliga,2010-2011,Mainz vs Bayern Munich,Mainz,1,Bayern Munich,3,5.0,3.0
German Bundesliga,2011-2012,Mainz vs Bayern Munich,Mainz,3,Bayern Munich,2,13.0,2.0
German Bundesliga,2012-2013,Mainz vs Bayern Munich,Mainz,0,Bayern Munich,3,13.0,1.0
German Bundesliga,2013-2014,Mainz vs Bayern Munich,Mainz,0,Bayern Munich,2,7.0,1.0
German Bundesliga,2014-2015,Mainz vs Bayern Munich,Mainz,1,Bayern Munich,2,11.0,1.0
German Bundesliga,2023-2024,Mainz vs Bochum,Mainz,2,Bochum,0,13.0,16.0
German Bundesliga,2022-2023,Mainz vs Bochum,Mainz,5,Bochum,2,9.0,14.0
German Bundesliga,2021-2022,Mainz vs Bochum,Mainz,1,Bochum,0,8.0,13.0
DFB-Pokal,2020-2021,Mainz vs Bochum,Mainz,2,Bochum,2,12.0,
German Bundesliga,2023-2024,Mainz vs Borussia Dortmund,Mainz,3,Dortmund,0,13.0,
German Bundesliga,2023-2024,Mainz vs Borussia Mönchengladbach,Mainz,1,Mönchengladbach,1,13.0,
German Bundesliga,2023-2024,Mainz vs Eintracht Frankfurt,Mainz,1,Ein Frankfurt,1,13.0,
German Bundesliga,2023-2024,Mainz vs FC Augsburg,Mainz,1,Augsburg,0,13.0,
German Bundesliga,2023-2024,Mainz vs FC Heidenheim,Mainz,0,FC Heidenheim,1,13.0,8.0
German Bundesliga,2023-2024,Mainz vs Freiburg,Mainz,0,Freiburg,1,13.0,10.0
German Bundesliga,2022-2023,Mainz vs Freiburg,Mainz,1,Freiburg,1,9.0,5.0
German Bundesliga,2021-2022,Mainz vs Freiburg,Mainz,0,Freiburg,0,8.0,6.0
German Bundesliga,2020-2021,Mainz vs Freiburg,Mainz,1,Freiburg,0,12.0,10.0
German Bundesliga,2019-2020,Mainz vs Freiburg,Mainz,1,Freiburg,2,13.0,8.0
German Bundesliga,2018-2019,Mainz vs Freiburg,Mainz,5,Freiburg,0,12.0,13.0
German Bundesliga,2017-2018,Mainz vs Freiburg,Mainz,2,Freiburg,0,16.0,12.0
German Bundesliga,2016-2017,Mainz vs Freiburg,Mainz,4,Freiburg,2,15.0,7.0
German Bundesliga,2010-2011,Mainz vs Freiburg,Mainz,1,Freiburg,1,5.0,9.0
German Bundesliga,2011-2012,Mainz vs Freiburg,Mainz,3,Freiburg,1,13.0,12.0
German Bundesliga,2012-2013,Mainz vs Freiburg,Mainz,0,Freiburg,0,13.0,5.0
German Bundesliga,2013-2014,Mainz vs Freiburg,Mainz,2,Freiburg,0,7.0,14.0
German Bundesliga,2014-2015,Mainz vs Freiburg,Mainz,2,Freiburg,2,11.0,17.0
German Bundesliga,2023-2024,Mainz vs Hoffenheim,Mainz,4,Hoffenheim,1,13.0,7.0
German Bundesliga,2022-2023,Mainz vs Hoffenheim,Mainz,1,Hoffenheim,0,9.0,12.0
German Bundesliga,2021-2022,Mainz vs Hoffenheim,Mainz,2,Hoffenheim,0,8.0,9.0
German Bundesliga,2020-2021,Mainz vs Hoffenheim,Mainz,1,Hoffenheim,1,12.0,11.0
German Bundesliga,2019-2020,Mainz vs Hoffenheim,Mainz,0,Hoffenheim,1,13.0,6.0
German Bundesliga,2018-2019,Mainz vs Hoffenheim,Mainz,4,Hoffenheim,2,12.0,9.0
German Bundesliga,2017-2018,Mainz vs Hoffenheim,Mainz,2,Hoffenheim,3,16.0,8.0
German Bundesliga,2016-2017,Mainz vs Hoffenheim,Mainz,4,Hoffenheim,4,15.0,4.0
German Bundesliga,2015-2016,Mainz vs Hoffenheim,Mainz,3,Hoffenheim,1,6.0,15.0
German Bundesliga,2010-2011,Mainz vs Hoffenheim,Mainz,4,Hoffenheim,2,5.0,11.0
German Bundesliga,2011-2012,Mainz vs Hoffenheim,Mainz,0,Hoffenheim,4,13.0,11.0
German Bundesliga,2012-2013,Mainz vs Hoffenheim,Mainz,3,Hoffenheim,0,13.0,16.0
German Bundesliga,2013-2014,Mainz vs Hoffenheim,Mainz,2,Hoffenheim,2,7.0,9.0
German Bundesliga,2014-2015,Mainz vs Hoffenheim,Mainz,0,Hoffenheim,0,11.0,8.0
German Bundesliga,2023-2024,Mainz vs RB Leipzig,Mainz,2,RasenBallsport Leipzig,0,13.0,
German Bundesliga,2010-2011,Mainz vs St Pauli,Mainz,2,St Pauli,1,5.0,18.0
German Bundesliga,2023-2024,Mainz vs Stuttgart,Mainz,1,Stuttgart,3,13.0,2.0
German Bundesliga,2022-2023,Mainz vs Stuttgart,Mainz,1,Stuttgart,4,9.0,16.0
German Bundesliga,2021-2022,Mainz vs Stuttgart,Mainz,0,Stuttgart,0,8.0,15.0
Club Friendlies,2020-2021,Mainz vs Stuttgart,Mainz,,Stuttgart,,12.0,9.0
German Bundesliga,2020-2021,Mainz vs Stuttgart,Mainz,1,Stuttgart,4,12.0,9.0
German Bundesliga,2018-2019,Mainz vs Stuttgart,Mainz,1,Stuttgart,0,12.0,16.0
German Bundesliga,2017-2018,Mainz vs Stuttgart,Mainz,3,Stuttgart,2,16.0,14.0
German Bundesliga,2015-2016,Mainz vs Stuttgart,Mainz,0,Stuttgart,0,6.0,17.0
German Bundesliga,2010-2011,Mainz vs Stuttgart,Mainz,2,Stuttgart,0,5.0,12.0
German Bundesliga,2011-2012,Mainz vs Stuttgart,Mainz,3,Stuttgart,1,13.0,6.0
German Bundesliga,2012-2013,Mainz vs Stuttgart,Mainz,3,Stuttgart,1,13.0,12.0
German Bundesliga,2013-2014,Mainz vs Stuttgart,Mainz,3,Stuttgart,2,7.0,15.0
German Bundesliga,2014-2015,Mainz vs Stuttgart,Mainz,1,Stuttgart,1,11.0,14.0
German Bundesliga,2023-2024,Mainz vs Union Berlin,Mainz,1,Union Berlin,1,13.0,15.0
German Bundesliga,2022-2023,Mainz vs Union Berlin,Mainz,0,Union Berlin,0,9.0,4.0
German Bundesliga,2021-2022,Mainz vs Union Berlin,Mainz,1,Union Berlin,2,8.0,5.0
German Bundesliga,2020-2021,Mainz vs Union Berlin,Mainz,1,Union Berlin,0,12.0,7.0
German Bundesliga,2019-2020,Mainz vs Union Berlin,Mainz,2,Union Berlin,3,13.0,11.0
German Bundesliga,2023-2024,Mainz vs Werder Bremen,Mainz,0,Werder Bremen,1,13.0,9.0
German Bundesliga,2022-2023,Mainz vs Werder Bremen,Mainz,2,Werder Bremen,2,9.0,13.0
German Bundesliga,2020-2021,Mainz vs Werder Bremen,Mainz,0,Werder Bremen,1,12.0,17.0
German Bundesliga,2019-2020,Mainz vs Werder Bremen,Mainz,3,Werder Bremen,1,13.0,16.0
German Bundesliga,2018-2019,Mainz vs Werder Bremen,Mainz,2,Werder Bremen,1,12.0,8.0
German Bundesliga,2017-2018,Mainz vs Werder Bremen,Mainz,1,Werder Bremen,2,16.0,15.0
German Bundesliga,2016-2017,Mainz vs Werder Bremen,Mainz,0,Werder Bremen,2,15.0,8.0
German Bundesliga,2015-2016,Mainz vs Werder Bremen,Mainz,1,Werder Bremen,3,6.0,13.0
German Bundesliga,2010-2011,Mainz vs Werder Bremen,Mainz,1,Werder Bremen,1,5.0,13.0
German Bundesliga,2011-2012,Mainz vs Werder Bremen,Mainz,1,Werder Bremen,3,13.0,9.0
German Bundesliga,2012-2013,Mainz vs Werder Bremen,Mainz,1,Werder Bremen,1,13.0,14.0
German Bundesliga,2013-2014,Mainz vs Werder Bremen,Mainz,3,Werder Bremen,0,7.0,12.0
German Bundesliga,2014-2015,Mainz vs Werder Bremen,Mainz,1,Werder Bremen,2,11.0,10.0
German Bundesliga,2023-2024,Mainz vs Wolfsburg,Mainz,1,Wolfsburg,1,13.0,12.0
German Bundesliga,2022-2023,Mainz vs Wolfsburg,Mainz,0,Wolfsburg,3,9.0,8.0
German Bundesliga,2021-2022,Mainz vs Wolfsburg,Mainz,3,Wolfsburg,0,8.0,12.0
German Bundesliga,2020-2021,Mainz vs Wolfsburg,Mainz,0,Wolfsburg,2,12.0,4.0
German Bundesliga,2019-2020,Mainz vs Wolfsburg,Mainz,0,Wolfsburg,1,13.0,7.0
German Bundesliga,2018-2019,Mainz vs Wolfsburg,Mainz,0,Wolfsburg,0,12.0,6.0
German Bundesliga,2017-2018,Mainz vs Wolfsburg,Mainz,1,Wolfsburg,1,16.0,13.0
German Bundesliga,2016-2017,Mainz vs Wolfsburg,Mainz,1,Wolfsburg,1,15.0,16.0
German Bundesliga,2015-2016,Mainz vs Wolfsburg,Mainz,2,Wolfsburg,0,6.0,8.0
German Bundesliga,2010-2011,Mainz vs Wolfsburg,Mainz,0,Wolfsburg,1,5.0,15.0
German Bundesliga,2011-2012,Mainz vs Wolfsburg,Mainz,0,Wolfsburg,0,13.0,8.0
German Bundesliga,2012-2013,Mainz vs Wolfsburg,Mainz,1,Wolfsburg,1,13.0,11.0
German Bundesliga,2013-2014,Mainz vs Wolfsburg,Mainz,2,Wolfsburg,0,7.0,5.0
German Bundesliga,2014-2015,Mainz vs Wolfsburg,Mainz,1,Wolfsburg,1,11.0,2.0
German Bundesliga,2023-2024,RB Leipzig vs Bayer Leverkusen,RasenBallsport Leipzig,2,Leverkusen,3,,
German Bundesliga,2023-2024,RB Leipzig vs Bayern Munich,RasenBallsport Leipzig,2,Bayern Munich,2,,3.0
German Bundesliga,2023-2024,RB Leipzig vs Bochum,RasenBallsport Leipzig,0,Bochum,0,,16.0
German Bundesliga,2023-2024,RB Leipzig vs Borussia Dortmund,RasenBallsport Leipzig,4,Dortmund,1,,
German Bundesliga,2023-2024,RB Leipzig vs Borussia Mönchengladbach,RasenBallsport Leipzig,2,Mönchengladbach,0,,
German Bundesliga,2023-2024,RB Leipzig vs Eintracht Frankfurt,RasenBallsport Leipzig,0,Ein Frankfurt,1,,
German Bundesliga,2023-2024,RB Leipzig vs FC Augsburg,RasenBallsport Leipzig,3,Augsburg,0,,
German Bundesliga,2023-2024,RB Leipzig vs FC Heidenheim,RasenBallsport Leipzig,2,FC Heidenheim,1,,8.0
German Bundesliga,2023-2024,RB Leipzig vs Freiburg,RasenBallsport Leipzig,3,Freiburg,1,,10.0
German Bundesliga,2023-2024,RB Leipzig vs Hoffenheim,RasenBallsport Leipzig,3,Hoffenheim,1,,7.0
German Bundesliga,2023-2024,RB Leipzig vs Mainz,RasenBallsport Leipzig,0,Mainz,0,,13.0
German Bundesliga,2023-2024,RB Leipzig vs Stuttgart,RasenBallsport Leipzig,5,Stuttgart,1,,2.0
German Bundesliga,2023-2024,RB Leipzig vs Union Berlin,RasenBallsport Leipzig,2,Union Berlin,0,,15.0
German Bundesliga,2023-2024,RB Leipzig vs Werder Bremen,RasenBallsport Leipzig,1,Werder Bremen,1,,9.0
German Bundesliga,2023-2024,RB Leipzig vs Wolfsburg,RasenBallsport Leipzig,3,Wolfsburg,0,,12.0
German Bundesliga,2010-2011,St Pauli vs Bayern Munich,St Pauli,1,Bayern Munich,8,18.0,3.0
German 2. Bundesliga,2020-2021,St Pauli vs Bochum,St Pauli,2,Bochum,3,,
German 2. Bundesliga,2019-2020,St Pauli vs Bochum,St Pauli,1,Bochum,1,,
German 2. Bundesliga,2018-2019,St Pauli vs Bochum,St Pauli,0,Bochum,0,,
German 2. Bundesliga,2017-2018,St Pauli vs Bochum,St Pauli,0,Bochum,0,,
German 2. Bundesliga,2022-2023,St Pauli vs FC Heidenheim,St Pauli,0,FC Heidenheim,0,,
German 2. Bundesliga,2021-2022,St Pauli vs FC Heidenheim,St Pauli,1,FC Heidenheim,0,,
German 2. Bundesliga,2020-2021,St Pauli vs FC Heidenheim,St Pauli,4,FC Heidenheim,2,,
German 2. Bundesliga,2019-2020,St Pauli vs FC Heidenheim,St Pauli,0,FC Heidenheim,0,,
German 2. Bundesliga,2018-2019,St Pauli vs FC Heidenheim,St Pauli,1,FC Heidenheim,1,,
German 2. Bundesliga,2017-2018,St Pauli vs FC Heidenheim,St Pauli,1,FC Heidenheim,0,,
German Bundesliga,2010-2011,St Pauli vs Freiburg,St Pauli,2,Freiburg,2,18.0,9.0
German Bundesliga,2010-2011,St Pauli vs Hoffenheim,St Pauli,0,Hoffenheim,1,18.0,11.0
German 2. Bundesliga,2023-2024,St Pauli vs Holstein Kiel,St Pauli,5,Holstein Kiel,1,,
German 2. Bundesliga,2022-2023,St Pauli vs Holstein Kiel,St Pauli,0,Holstein Kiel,0,,
German 2. Bundesliga,2021-2022,St Pauli vs Holstein Kiel,St Pauli,3,Holstein Kiel,0,,
German 2. Bundesliga,2020-2021,St Pauli vs Holstein Kiel,St Pauli,1,Holstein Kiel,1,,
German 2. Bundesliga,2019-2020,St Pauli vs Holstein Kiel,St Pauli,2,Holstein Kiel,1,,
German 2. Bundesliga,2018-2019,St Pauli vs Holstein Kiel,St Pauli,0,Holstein Kiel,1,,
German 2. Bundesliga,2017-2018,St Pauli vs Holstein Kiel,St Pauli,3,Holstein Kiel,2,,
German Bundesliga,2010-2011,St Pauli vs Mainz,St Pauli,2,Mainz,4,18.0,5.0
German 2. Bundesliga,2019-2020,St Pauli vs Stuttgart,St Pauli,1,Stuttgart,1,,
German Bundesliga,2010-2011,St Pauli vs Stuttgart,St Pauli,1,Stuttgart,2,18.0,12.0
German 2. Bundesliga,2018-2019,St Pauli vs Union Berlin,St Pauli,3,Union Berlin,2,,
German 2. Bundesliga,2017-2018,St Pauli vs Union Berlin,St Pauli,0,Union Berlin,1,,
German 2. Bundesliga,2021-2022,St Pauli vs Werder Bremen,St Pauli,1,Werder Bremen,1,,
German Bundesliga,2010-2011,St Pauli vs Werder Bremen,St Pauli,1,Werder Bremen,3,18.0,13.0
German Bundesliga,2010-2011,St Pauli vs Wolfsburg,St Pauli,1,Wolfsburg,1,18.0,15.0
German Bundesliga,2023-2024,Stuttgart vs Bayer Leverkusen,Stuttgart,1,Leverkusen,1,2.0,
German Bundesliga,2023-2024,Stuttgart vs Bayern Munich,Stuttgart,3,Bayern Munich,1,2.0,3.0
German Bundesliga,2022-2023,Stuttgart vs Bayern Munich,Stuttgart,1,Bayern Munich,2,16.0,1.0
German Bundesliga,2021-2022,Stuttgart vs Bayern Munich,Stuttgart,0,Bayern Munich,5,15.0,1.0
German Bundesliga,2020-2021,Stuttgart vs Bayern Munich,Stuttgart,1,Bayern Munich,3,9.0,1.0
German Bundesliga,2018-2019,Stuttgart vs Bayern Munich,Stuttgart,0,Bayern Munich,3,16.0,1.0
German Bundesliga,2017-2018,Stuttgart vs Bayern Munich,Stuttgart,0,Bayern Munich,1,14.0,1.0
German Bundesliga,2015-2016,Stuttgart vs Bayern Munich,Stuttgart,1,Bayern Munich,3,17.0,1.0
German Bundesliga,2010-2011,Stuttgart vs Bayern Munich,Stuttgart,3,Bayern Munich,5,12.0,3.0
German Bundesliga,2011-2012,Stuttgart vs Bayern Munich,Stuttgart,1,Bayern Munich,2,6.0,2.0
German Bundesliga,2012-2013,Stuttgart vs Bayern Munich,Stuttgart,0,Bayern Munich,2,12.0,1.0
German Bundesliga,2013-2014,Stuttgart vs Bayern Munich,Stuttgart,1,Bayern Munich,2,15.0,1.0
German Bundesliga,2014-2015,Stuttgart vs Bayern Munich,Stuttgart,0,Bayern Munich,2,14.0,1.0
German Bundesliga,2023-2024,Stuttgart vs Bochum,Stuttgart,5,Bochum,0,2.0,16.0
German Bundesliga,2022-2023,Stuttgart vs Bochum,Stuttgart,4,Bochum,1,16.0,14.0
German Bundesliga,2021-2022,Stuttgart vs Bochum,Stuttgart,1,Bochum,1,15.0,13.0
German 2. Bundesliga,2019-2020,Stuttgart vs Bochum,Stuttgart,2,Bochum,1,,
DFB-Pokal,2023-2024,Stuttgart vs Borussia Dortmund,Stuttgart,2,Dortmund,0,2.0,
German Bundesliga,2023-2024,Stuttgart vs Borussia Dortmund,Stuttgart,2,Dortmund,1,2.0,
German Bundesliga,2023-2024,Stuttgart vs Borussia Mönchengladbach,Stuttgart,4,Mönchengladbach,0,2.0,
German Bundesliga,2023-2024,Stuttgart vs Eintracht Frankfurt,Stuttgart,3,Ein Frankfurt,0,2.0,
German Bundesliga,2023-2024,Stuttgart vs FC Augsburg,Stuttgart,3,Augsburg,0,2.0,
German Bundesliga,2023-2024,Stuttgart vs FC Heidenheim,Stuttgart,3,FC Heidenheim,3,2.0,8.0
German 2. Bundesliga,2019-2020,Stuttgart vs FC Heidenheim,Stuttgart,3,FC Heidenheim,0,,
German Bundesliga,2023-2024,Stuttgart vs Freiburg,Stuttgart,5,Freiburg,0,2.0,10.0
German Bundesliga,2022-2023,Stuttgart vs Freiburg,Stuttgart,0,Freiburg,1,16.0,5.0
German Bundesliga,2021-2022,Stuttgart vs Freiburg,Stuttgart,2,Freiburg,3,15.0,6.0
DFB-Pokal,2020-2021,Stuttgart vs Freiburg,Stuttgart,1,Freiburg,0,9.0,10.0
German Bundesliga,2020-2021,Stuttgart vs Freiburg,Stuttgart,2,Freiburg,3,9.0,10.0
German Bundesliga,2018-2019,Stuttgart vs Freiburg,Stuttgart,2,Freiburg,2,16.0,13.0
German Bundesliga,2017-2018,Stuttgart vs Freiburg,Stuttgart,3,Freiburg,0,14.0,12.0
German Bundesliga,2010-2011,Stuttgart vs Freiburg,Stuttgart,0,Freiburg,1,12.0,9.0
German Bundesliga,2011-2012,Stuttgart vs Freiburg,Stuttgart,4,Freiburg,1,6.0,12.0
German Bundesliga,2013-2014,Stuttgart vs Freiburg,Stuttgart,2,Freiburg,0,15.0,14.0
German Bundesliga,2014-2015,Stuttgart vs Freiburg,Stuttgart,2,Freiburg,2,14.0,17.0
German Bundesliga,2023-2024,Stuttgart vs Hoffenheim,Stuttgart,2,Hoffenheim,3,2.0,7.0
German Bundesliga,2022-2023,Stuttgart vs Hoffenheim,Stuttgart,1,Hoffenheim,1,16.0,12.0
German Bundesliga,2021-2022,Stuttgart vs Hoffenheim,Stuttgart,3,Hoffenheim,1,15.0,9.0
German Bundesliga,2020-2021,Stuttgart vs Hoffenheim,Stuttgart,2,Hoffenheim,0,9.0,11.0
German Bundesliga,2018-2019,Stuttgart vs Hoffenheim,Stuttgart,1,Hoffenheim,1,16.0,9.0
German Bundesliga,2017-2018,Stuttgart vs Hoffenheim,Stuttgart,2,Hoffenheim,0,14.0,8.0
German Bundesliga,2015-2016,Stuttgart vs Hoffenheim,Stuttgart,5,Hoffenheim,1,17.0,15.0
German Bundesliga,2010-2011,Stuttgart vs Hoffenheim,Stuttgart,1,Hoffenheim,1,12.0,11.0
German Bundesliga,2011-2012,Stuttgart vs Hoffenheim,Stuttgart,2,Hoffenheim,0,6.0,11.0
German Bundesliga,2014-2015,Stuttgart vs Hoffenheim,Stuttgart,0,Hoffenheim,2,14.0,8.0
German 2. Bundesliga,2019-2020,Stuttgart vs Holstein Kiel,Stuttgart,0,Holstein Kiel,1,,
German Bundesliga,2023-2024,Stuttgart vs Mainz,Stuttgart,3,Mainz,1,2.0,13.0
German Bundesliga,2022-2023,Stuttgart vs Mainz,Stuttgart,1,Mainz,1,16.0,9.0
German Bundesliga,2021-2022,Stuttgart vs Mainz,Stuttgart,2,Mainz,1,15.0,8.0
German Bundesliga,2020-2021,Stuttgart vs Mainz,Stuttgart,2,Mainz,0,9.0,12.0
German Bundesliga,2018-2019,Stuttgart vs Mainz,Stuttgart,2,Mainz,3,16.0,12.0
German Bundesliga,2017-2018,Stuttgart vs Mainz,Stuttgart,1,Mainz,0,14.0,16.0
German Bundesliga,2015-2016,Stuttgart vs Mainz,Stuttgart,1,Mainz,3,17.0,6.0
German Bundesliga,2010-2011,Stuttgart vs Mainz,Stuttgart,1,Mainz,0,12.0,5.0
German Bundesliga,2011-2012,Stuttgart vs Mainz,Stuttgart,4,Mainz,1,6.0,13.0
German Bundesliga,2012-2013,Stuttgart vs Mainz,Stuttgart,2,Mainz,2,12.0,13.0
German Bundesliga,2013-2014,Stuttgart vs Mainz,Stuttgart,1,Mainz,2,15.0,7.0
German Bundesliga,2014-2015,Stuttgart vs Mainz,Stuttgart,2,Mainz,0,14.0,11.0
German Bundesliga,2023-2024,Stuttgart vs RB Leipzig,Stuttgart,5,RasenBallsport Leipzig,2,2.0,
German 2. Bundesliga,2019-2020,Stuttgart vs St Pauli,Stuttgart,2,St Pauli,1,,
German Bundesliga,2010-2011,Stuttgart vs St Pauli,Stuttgart,2,St Pauli,0,12.0,18.0
DFB-Pokal,2023-2024,Stuttgart vs Union Berlin,Stuttgart,1,Union Berlin,0,2.0,15.0
German Bundesliga,2023-2024,Stuttgart vs Union Berlin,Stuttgart,2,Union Berlin,0,2.0,15.0
German Bundesliga,2022-2023,Stuttgart vs Union Berlin,Stuttgart,0,Union Berlin,1,16.0,4.0
German Bundesliga,2021-2022,Stuttgart vs Union Berlin,Stuttgart,1,Union Berlin,1,15.0,5.0
German Bundesliga,2020-2021,Stuttgart vs Union Berlin,Stuttgart,2,Union Berlin,2,9.0,7.0
German Bundesliga,2023-2024,Stuttgart vs Werder Bremen,Stuttgart,2,Werder Bremen,0,2.0,9.0
German Bundesliga,2022-2023,Stuttgart vs Werder Bremen,Stuttgart,0,Werder Bremen,2,16.0,13.0
German Bundesliga,2020-2021,Stuttgart vs Werder Bremen,Stuttgart,1,Werder Bremen,0,9.0,17.0
German Bundesliga,2018-2019,Stuttgart vs Werder Bremen,Stuttgart,2,Werder Bremen,1,16.0,8.0
German Bundesliga,2017-2018,Stuttgart vs Werder Bremen,Stuttgart,2,Werder Bremen,0,14.0,15.0
German Bundesliga,2015-2016,Stuttgart vs Werder Bremen,Stuttgart,1,Werder Bremen,1,17.0,13.0
German Bundesliga,2010-2011,Stuttgart vs Werder Bremen,Stuttgart,6,Werder Bremen,0,12.0,13.0
German Bundesliga,2011-2012,Stuttgart vs Werder Bremen,Stuttgart,4,Werder Bremen,1,6.0,9.0
German Bundesliga,2012-2013,Stuttgart vs Werder Bremen,Stuttgart,1,Werder Bremen,4,12.0,14.0
German Bundesliga,2013-2014,Stuttgart vs Werder Bremen,Stuttgart,1,Werder Bremen,1,15.0,12.0
German Bundesliga,2014-2015,Stuttgart vs Werder Bremen,Stuttgart,3,Werder Bremen,2,14.0,10.0
German Bundesliga,2023-2024,Stuttgart vs Wolfsburg,Stuttgart,3,Wolfsburg,1,2.0,12.0
German Bundesliga,2022-2023,Stuttgart vs Wolfsburg,Stuttgart,0,Wolfsburg,1,16.0,8.0
German Bundesliga,2021-2022,Stuttgart vs Wolfsburg,Stuttgart,1,Wolfsburg,1,15.0,12.0
German Bundesliga,2020-2021,Stuttgart vs Wolfsburg,Stuttgart,1,Wolfsburg,3,9.0,4.0
German Bundesliga,2018-2019,Stuttgart vs Wolfsburg,Stuttgart,3,Wolfsburg,0,16.0,6.0
German Bundesliga,2017-2018,Stuttgart vs Wolfsburg,Stuttgart,1,Wolfsburg,0,14.0,13.0
German Bundesliga,2015-2016,Stuttgart vs Wolfsburg,Stuttgart,3,Wolfsburg,1,17.0,8.0
German Bundesliga,2010-2011,Stuttgart vs Wolfsburg,Stuttgart,1,Wolfsburg,1,12.0,15.0
German Bundesliga,2011-2012,Stuttgart vs Wolfsburg,Stuttgart,3,Wolfsburg,2,6.0,8.0
German Bundesliga,2012-2013,Stuttgart vs Wolfsburg,Stuttgart,0,Wolfsburg,1,12.0,11.0
German Bundesliga,2013-2014,Stuttgart vs Wolfsburg,Stuttgart,1,Wolfsburg,2,15.0,5.0
German Bundesliga,2014-2015,Stuttgart vs Wolfsburg,Stuttgart,0,Wolfsburg,4,14.0,2.0
German Bundesliga,2023-2024,Union Berlin vs Bayer Leverkusen,Union Berlin,0,Leverkusen,1,15.0,
German Bundesliga,2023-2024,Union Berlin vs Bayern Munich,Union Berlin,1,Bayern Munich,5,15.0,3.0
German Bundesliga,2022-2023,Union Berlin vs Bayern Munich,Union Berlin,1,Bayern Munich,1,4.0,1.0
German Bundesliga,2021-2022,Union Berlin vs Bayern Munich,Union Berlin,2,Bayern Munich,5,5.0,1.0
German Bundesliga,2020-2021,Union Berlin vs Bayern Munich,Union Berlin,1,Bayern Munich,1,7.0,1.0
German Bundesliga,2019-2020,Union Berlin vs Bayern Munich,Union Berlin,0,Bayern Munich,2,11.0,1.0
German Bundesliga,2023-2024,Union Berlin vs Bochum,Union Berlin,3,Bochum,4,15.0,16.0
German Bundesliga,2022-2023,Union Berlin vs Bochum,Union Berlin,1,Bochum,1,4.0,14.0
German Bundesliga,2021-2022,Union Berlin vs Bochum,Union Berlin,3,Bochum,2,5.0,13.0
German 2. Bundesliga,2018-2019,Union Berlin vs Bochum,Union Berlin,2,Bochum,0,,
German 2. Bundesliga,2017-2018,Union Berlin vs Bochum,Union Berlin,0,Bochum,0,,
German Bundesliga,2023-2024,Union Berlin vs Borussia Dortmund,Union Berlin,0,Dortmund,2,15.0,
German Bundesliga,2023-2024,Union Berlin vs Borussia Mönchengladbach,Union Berlin,3,Mönchengladbach,1,15.0,
German Bundesliga,2023-2024,Union Berlin vs Eintracht Frankfurt,Union Berlin,0,Ein Frankfurt,3,15.0,
German Bundesliga,2023-2024,Union Berlin vs FC Augsburg,Union Berlin,1,Augsburg,1,15.0,
German Bundesliga,2023-2024,Union Berlin vs FC Heidenheim,Union Berlin,2,FC Heidenheim,2,15.0,8.0
DFB-Pokal,2022-2023,Union Berlin vs FC Heidenheim,Union Berlin,2,FC Heidenheim,0,4.0,
German 2. Bundesliga,2018-2019,Union Berlin vs FC Heidenheim,Union Berlin,1,FC Heidenheim,1,,
German 2. Bundesliga,2017-2018,Union Berlin vs FC Heidenheim,Union Berlin,1,FC Heidenheim,1,,
German Bundesliga,2023-2024,Union Berlin vs Freiburg,Union Berlin,2,Freiburg,1,15.0,10.0
German Bundesliga,2022-2023,Union Berlin vs Freiburg,Union Berlin,4,Freiburg,2,4.0,5.0
German Bundesliga,2021-2022,Union Berlin vs Freiburg,Union Berlin,0,Freiburg,0,5.0,6.0
German Bundesliga,2020-2021,Union Berlin vs Freiburg,Union Berlin,1,Freiburg,1,7.0,10.0
German Bundesliga,2019-2020,Union Berlin vs Freiburg,Union Berlin,2,Freiburg,0,11.0,8.0
German Bundesliga,2023-2024,Union Berlin vs Hoffenheim,Union Berlin,0,Hoffenheim,2,15.0,7.0
German Bundesliga,2022-2023,Union Berlin vs Hoffenheim,Union Berlin,3,Hoffenheim,1,4.0,12.0
German Bundesliga,2021-2022,Union Berlin vs Hoffenheim,Union Berlin,2,Hoffenheim,1,5.0,9.0
German Bundesliga,2020-2021,Union Berlin vs Hoffenheim,Union Berlin,1,Hoffenheim,1,7.0,11.0
German Bundesliga,2019-2020,Union Berlin vs Hoffenheim,Union Berlin,0,Hoffenheim,2,11.0,6.0
German 2. Bundesliga,2018-2019,Union Berlin vs Holstein Kiel,Union Berlin,2,Holstein Kiel,0,,
German 2. Bundesliga,2017-2018,Union Berlin vs Holstein Kiel,Union Berlin,4,Holstein Kiel,3,,
German Bundesliga,2023-2024,Union Berlin vs Mainz,Union Berlin,4,Mainz,1,15.0,13.0
German Bundesliga,2022-2023,Union Berlin vs Mainz,Union Berlin,2,Mainz,1,4.0,9.0
German Bundesliga,2021-2022,Union Berlin vs Mainz,Union Berlin,3,Mainz,1,5.0,8.0
German Bundesliga,2020-2021,Union Berlin vs Mainz,Union Berlin,4,Mainz,0,7.0,12.0
German Bundesliga,2019-2020,Union Berlin vs Mainz,Union Berlin,1,Mainz,1,11.0,13.0
German Bundesliga,2023-2024,Union Berlin vs RB Leipzig,Union Berlin,0,RasenBallsport Leipzig,3,15.0,
DFB-Pokal,2021-2022,Union Berlin vs St Pauli,Union Berlin,2,St Pauli,1,5.0,
German 2. Bundesliga,2018-2019,Union Berlin vs St Pauli,Union Berlin,4,St Pauli,1,,
German 2. Bundesliga,2017-2018,Union Berlin vs St Pauli,Union Berlin,1,St Pauli,0,,
German Bundesliga,2023-2024,Union Berlin vs Stuttgart,Union Berlin,0,Stuttgart,3,15.0,2.0
German Bundesliga,2022-2023,Union Berlin vs Stuttgart,Union Berlin,3,Stuttgart,0,4.0,16.0
German Bundesliga,2021-2022,Union Berlin vs Stuttgart,Union Berlin,1,Stuttgart,1,5.0,15.0
German Bundesliga,2020-2021,Union Berlin vs Stuttgart,Union Berlin,2,Stuttgart,1,7.0,9.0
German Bundesliga,2023-2024,Union Berlin vs Werder Bremen,Union Berlin,2,Werder Bremen,1,15.0,9.0
German Bundesliga,2022-2023,Union Berlin vs Werder Bremen,Union Berlin,1,Werder Bremen,0,4.0,13.0
German Bundesliga,2020-2021,Union Berlin vs Werder Bremen,Union Berlin,3,Werder Bremen,1,7.0,17.0
German Bundesliga,2019-2020,Union Berlin vs Werder Bremen,Union Berlin,1,Werder Bremen,2,11.0,16.0
German Bundesliga,2023-2024,Union Berlin vs Wolfsburg,Union Berlin,1,Wolfsburg,0,15.0,12.0
DFB-Pokal,2022-2023,Union Berlin vs Wolfsburg,Union Berlin,2,Wolfsburg,1,4.0,8.0
German Bundesliga,2022-2023,Union Berlin vs Wolfsburg,Union Berlin,2,Wolfsburg,0,4.0,8.0
German Bundesliga,2021-2022,Union Berlin vs Wolfsburg,Union Berlin,2,Wolfsburg,0,5.0,12.0
German Bundesliga,2020-2021,Union Berlin vs Wolfsburg,Union Berlin,2,Wolfsburg,2,7.0,4.0
German Bundesliga,2019-2020,Union Berlin vs Wolfsburg,Union Berlin,2,Wolfsburg,2,11.0,7.0
German Bundesliga,2023-2024,Werder Bremen vs Bayer Leverkusen,Werder Bremen,0,Leverkusen,3,9.0,
German Bundesliga,2023-2024,Werder Bremen vs Bayern Munich,Werder Bremen,0,Bayern Munich,4,9.0,3.0
German Bundesliga,2022-2023,Werder Bremen vs Bayern Munich,Werder Bremen,1,Bayern Munich,2,13.0,1.0
German Bundesliga,2020-2021,Werder Bremen vs Bayern Munich,Werder Bremen,1,Bayern Munich,3,17.0,1.0
German Bundesliga,2019-2020,Werder Bremen vs Bayern Munich,Werder Bremen,0,Bayern Munich,1,16.0,1.0
DFB-Pokal,2018-2019,Werder Bremen vs Bayern Munich,Werder Bremen,2,Bayern Munich,3,8.0,1.0
German Bundesliga,2018-2019,Werder Bremen vs Bayern Munich,Werder Bremen,1,Bayern Munich,2,8.0,1.0
German Bundesliga,2017-2018,Werder Bremen vs Bayern Munich,Werder Bremen,0,Bayern Munich,2,15.0,1.0
German Bundesliga,2016-2017,Werder Bremen vs Bayern Munich,Werder Bremen,1,Bayern Munich,2,8.0,1.0
German Bundesliga,2015-2016,Werder Bremen vs Bayern Munich,Werder Bremen,0,Bayern Munich,1,13.0,1.0
German Bundesliga,2010-2011,Werder Bremen vs Bayern Munich,Werder Bremen,1,Bayern Munich,3,13.0,3.0
German Bundesliga,2011-2012,Werder Bremen vs Bayern Munich,Werder Bremen,1,Bayern Munich,2,9.0,2.0
German Bundesliga,2012-2013,Werder Bremen vs Bayern Munich,Werder Bremen,0,Bayern Munich,2,14.0,1.0
German Bundesliga,2013-2014,Werder Bremen vs Bayern Munich,Werder Bremen,0,Bayern Munich,7,12.0,1.0
German Bundesliga,2014-2015,Werder Bremen vs Bayern Munich,Werder Bremen,0,Bayern Munich,4,10.0,1.0
German Bundesliga,2023-2024,Werder Bremen vs Bochum,Werder Bremen,4,Bochum,1,9.0,16.0
German Bundesliga,2022-2023,Werder Bremen vs Bochum,Werder Bremen,3,Bochum,0,13.0,14.0
German Bundesliga,2023-2024,Werder Bremen vs Borussia Dortmund,Werder Bremen,1,Dortmund,2,9.0,
German Bundesliga,2023-2024,Werder Bremen vs Borussia Mönchengladbach,Werder Bremen,2,Mönchengladbach,2,9.0,
German Bundesliga,2023-2024,Werder Bremen vs Eintracht Frankfurt,Werder Bremen,2,Ein Frankfurt,2,9.0,
German Bundesliga,2023-2024,Werder Bremen vs FC Augsburg,Werder Bremen,2,Augsburg,0,9.0,
German Bundesliga,2023-2024,Werder Bremen vs FC Heidenheim,Werder Bremen,1,FC Heidenheim,2,9.0,8.0
German 2. Bundesliga,2021-2022,Werder Bremen vs FC Heidenheim,Werder Bremen,3,FC Heidenheim,0,,
German Bundesliga,2019-2020,Werder Bremen vs FC Heidenheim,Werder Bremen,0,FC Heidenheim,0,16.0,
DFB-Pokal,2019-2020,Werder Bremen vs FC Heidenheim,Werder Bremen,4,FC Heidenheim,1,16.0,
German Bundesliga,2023-2024,Werder Bremen vs Freiburg,Werder Bremen,3,Freiburg,1,9.0,10.0
German Bundesliga,2022-2023,Werder Bremen vs Freiburg,Werder Bremen,1,Freiburg,2,13.0,5.0
German Bundesliga,2020-2021,Werder Bremen vs Freiburg,Werder Bremen,0,Freiburg,0,17.0,10.0
German Bundesliga,2019-2020,Werder Bremen vs Freiburg,Werder Bremen,2,Freiburg,2,16.0,8.0
German Bundesliga,2018-2019,Werder Bremen vs Freiburg,Werder Bremen,2,Freiburg,1,8.0,13.0
German Bundesliga,2017-2018,Werder Bremen vs Freiburg,Werder Bremen,0,Freiburg,0,15.0,12.0
German Bundesliga,2016-2017,Werder Bremen vs Freiburg,Werder Bremen,1,Freiburg,3,8.0,7.0
German Bundesliga,2010-2011,Werder Bremen vs Freiburg,Werder Bremen,2,Freiburg,1,13.0,9.0
German Bundesliga,2011-2012,Werder Bremen vs Freiburg,Werder Bremen,5,Freiburg,3,9.0,12.0
German Bundesliga,2012-2013,Werder Bremen vs Freiburg,Werder Bremen,2,Freiburg,3,14.0,5.0
German Bundesliga,2013-2014,Werder Bremen vs Freiburg,Werder Bremen,0,Freiburg,0,12.0,14.0
German Bundesliga,2014-2015,Werder Bremen vs Freiburg,Werder Bremen,1,Freiburg,1,10.0,17.0
German Bundesliga,2023-2024,Werder Bremen vs Hoffenheim,Werder Bremen,2,Hoffenheim,3,9.0,7.0
German Bundesliga,2022-2023,Werder Bremen vs Hoffenheim,Werder Bremen,1,Hoffenheim,2,13.0,12.0
German Bundesliga,2020-2021,Werder Bremen vs Hoffenheim,Werder Bremen,1,Hoffenheim,1,17.0,11.0
German Bundesliga,2019-2020,Werder Bremen vs Hoffenheim,Werder Bremen,0,Hoffenheim,3,16.0,6.0
German Bundesliga,2018-2019,Werder Bremen vs Hoffenheim,Werder Bremen,1,Hoffenheim,1,8.0,9.0
German Bundesliga,2017-2018,Werder Bremen vs Hoffenheim,Werder Bremen,1,Hoffenheim,1,15.0,8.0
German Bundesliga,2016-2017,Werder Bremen vs Hoffenheim,Werder Bremen,3,Hoffenheim,5,8.0,4.0
German Bundesliga,2015-2016,Werder Bremen vs Hoffenheim,Werder Bremen,1,Hoffenheim,1,13.0,15.0
German Bundesliga,2010-2011,Werder Bremen vs Hoffenheim,Werder Bremen,2,Hoffenheim,1,13.0,11.0
German Bundesliga,2011-2012,Werder Bremen vs Hoffenheim,Werder Bremen,1,Hoffenheim,1,9.0,11.0
German Bundesliga,2012-2013,Werder Bremen vs Hoffenheim,Werder Bremen,2,Hoffenheim,2,14.0,16.0
German Bundesliga,2013-2014,Werder Bremen vs Hoffenheim,Werder Bremen,3,Hoffenheim,1,12.0,9.0
German Bundesliga,2014-2015,Werder Bremen vs Hoffenheim,Werder Bremen,1,Hoffenheim,1,10.0,8.0
German 2. Bundesliga,2021-2022,Werder Bremen vs Holstein Kiel,Werder Bremen,2,Holstein Kiel,3,,
German Bundesliga,2023-2024,Werder Bremen vs Mainz,Werder Bremen,4,Mainz,0,9.0,13.0
German Bundesliga,2022-2023,Werder Bremen vs Mainz,Werder Bremen,0,Mainz,2,13.0,9.0
German Bundesliga,2020-2021,Werder Bremen vs Mainz,Werder Bremen,0,Mainz,1,17.0,12.0
German Bundesliga,2019-2020,Werder Bremen vs Mainz,Werder Bremen,0,Mainz,5,16.0,13.0
German Bundesliga,2018-2019,Werder Bremen vs Mainz,Werder Bremen,3,Mainz,1,8.0,12.0
German Bundesliga,2017-2018,Werder Bremen vs Mainz,Werder Bremen,2,Mainz,2,15.0,16.0
German Bundesliga,2016-2017,Werder Bremen vs Mainz,Werder Bremen,1,Mainz,2,8.0,15.0
German Bundesliga,2015-2016,Werder Bremen vs Mainz,Werder Bremen,1,Mainz,1,13.0,6.0
German Bundesliga,2010-2011,Werder Bremen vs Mainz,Werder Bremen,0,Mainz,2,13.0,5.0
German Bundesliga,2011-2012,Werder Bremen vs Mainz,Werder Bremen,0,Mainz,3,9.0,13.0
German Bundesliga,2012-2013,Werder Bremen vs Mainz,Werder Bremen,2,Mainz,1,14.0,13.0
German Bundesliga,2013-2014,Werder Bremen vs Mainz,Werder Bremen,2,Mainz,3,12.0,7.0
German Bundesliga,2014-2015,Werder Bremen vs Mainz,Werder Bremen,0,Mainz,0,10.0,11.0
German Bundesliga,2023-2024,Werder Bremen vs RB Leipzig,Werder Bremen,1,RasenBallsport Leipzig,1,9.0,
German 2. Bundesliga,2021-2022,Werder Bremen vs St Pauli,Werder Bremen,1,St Pauli,1,,
Club Friendlies,2020-2021,Werder Bremen vs St Pauli,Werder Bremen,1,St Pauli,0,17.0,
German Bundesliga,2010-2011,Werder Bremen vs St Pauli,Werder Bremen,3,St Pauli,0,13.0,18.0
German Bundesliga,2023-2024,Werder Bremen vs Stuttgart,Werder Bremen,2,Stuttgart,1,9.0,2.0
German Bundesliga,2022-2023,Werder Bremen vs Stuttgart,Werder Bremen,2,Stuttgart,2,13.0,16.0
German Bundesliga,2020-2021,Werder Bremen vs Stuttgart,Werder Bremen,1,Stuttgart,2,17.0,9.0
German Bundesliga,2018-2019,Werder Bremen vs Stuttgart,Werder Bremen,1,Stuttgart,1,8.0,16.0
German Bundesliga,2017-2018,Werder Bremen vs Stuttgart,Werder Bremen,1,Stuttgart,0,15.0,14.0
German Bundesliga,2015-2016,Werder Bremen vs Stuttgart,Werder Bremen,6,Stuttgart,2,13.0,17.0
German Bundesliga,2010-2011,Werder Bremen vs Stuttgart,Werder Bremen,1,Stuttgart,1,13.0,12.0
German Bundesliga,2011-2012,Werder Bremen vs Stuttgart,Werder Bremen,2,Stuttgart,0,9.0,6.0
German Bundesliga,2013-2014,Werder Bremen vs Stuttgart,Werder Bremen,1,Stuttgart,1,12.0,15.0
German Bundesliga,2014-2015,Werder Bremen vs Stuttgart,Werder Bremen,2,Stuttgart,0,10.0,14.0
German Bundesliga,2023-2024,Werder Bremen vs Union Berlin,Werder Bremen,2,Union Berlin,0,9.0,15.0
German Bundesliga,2022-2023,Werder Bremen vs Union Berlin,Werder Bremen,1,Union Berlin,2,13.0,4.0
German Bundesliga,2020-2021,Werder Bremen vs Union Berlin,Werder Bremen,0,Union Berlin,2,17.0,7.0
German Bundesliga,2019-2020,Werder Bremen vs Union Berlin,Werder Bremen,0,Union Berlin,2,16.0,11.0
German Bundesliga,2023-2024,Werder Bremen vs Wolfsburg,Werder Bremen,0,Wolfsburg,2,9.0,12.0
German Bundesliga,2022-2023,Werder Bremen vs Wolfsburg,Werder Bremen,2,Wolfsburg,1,13.0,8.0
German Bundesliga,2020-2021,Werder Bremen vs Wolfsburg,Werder Bremen,1,Wolfsburg,2,17.0,4.0
German Bundesliga,2019-2020,Werder Bremen vs Wolfsburg,Werder Bremen,0,Wolfsburg,1,16.0,7.0
German Bundesliga,2018-2019,Werder Bremen vs Wolfsburg,Werder Bremen,2,Wolfsburg,0,8.0,6.0
German Bundesliga,2017-2018,Werder Bremen vs Wolfsburg,Werder Bremen,3,Wolfsburg,1,15.0,13.0
German Bundesliga,2016-2017,Werder Bremen vs Wolfsburg,Werder Bremen,2,Wolfsburg,1,8.0,16.0
German Bundesliga,2015-2016,Werder Bremen vs Wolfsburg,Werder Bremen,3,Wolfsburg,2,13.0,8.0
German Bundesliga,2010-2011,Werder Bremen vs Wolfsburg,Werder Bremen,0,Wolfsburg,1,13.0,15.0
German Bundesliga,2011-2012,Werder Bremen vs Wolfsburg,Werder Bremen,4,Wolfsburg,1,9.0,8.0
German Bundesliga,2012-2013,Werder Bremen vs Wolfsburg,Werder Bremen,0,Wolfsburg,3,14.0,11.0
German Bundesliga,2013-2014,Werder Bremen vs Wolfsburg,Werder Bremen,1,Wolfsburg,3,12.0,5.0
German Bundesliga,2014-2015,Werder Bremen vs Wolfsburg,Werder Bremen,3,Wolfsburg,5,10.0,2.0
German Bundesliga,2023-2024,Wolfsburg vs Bayer Leverkusen,Wolfsburg,1,Leverkusen,2,12.0,
German Bundesliga,2023-2024,Wolfsburg vs Bayern Munich,Wolfsburg,1,Bayern Munich,2,12.0,3.0
German Bundesliga,2022-2023,Wolfsburg vs Bayern Munich,Wolfsburg,2,Bayern Munich,4,8.0,1.0
German Bundesliga,2021-2022,Wolfsburg vs Bayern Munich,Wolfsburg,2,Bayern Munich,2,12.0,1.0
German Bundesliga,2020-2021,Wolfsburg vs Bayern Munich,Wolfsburg,2,Bayern Munich,3,4.0,1.0
German Bundesliga,2019-2020,Wolfsburg vs Bayern Munich,Wolfsburg,0,Bayern Munich,4,7.0,1.0
German Bundesliga,2018-2019,Wolfsburg vs Bayern Munich,Wolfsburg,1,Bayern Munich,3,6.0,1.0
German Bundesliga,2017-2018,Wolfsburg vs Bayern Munich,Wolfsburg,1,Bayern Munich,2,13.0,1.0
German Bundesliga,2016-2017,Wolfsburg vs Bayern Munich,Wolfsburg,0,Bayern Munich,6,16.0,1.0
German Bundesliga,2015-2016,Wolfsburg vs Bayern Munich,Wolfsburg,0,Bayern Munich,2,8.0,1.0
German Bundesliga,2010-2011,Wolfsburg vs Bayern Munich,Wolfsburg,1,Bayern Munich,1,15.0,3.0
German Bundesliga,2011-2012,Wolfsburg vs Bayern Munich,Wolfsburg,0,Bayern Munich,1,8.0,2.0
German Bundesliga,2012-2013,Wolfsburg vs Bayern Munich,Wolfsburg,0,Bayern Munich,2,11.0,1.0
German Bundesliga,2013-2014,Wolfsburg vs Bayern Munich,Wolfsburg,1,Bayern Munich,6,5.0,1.0
German Bundesliga,2014-2015,Wolfsburg vs Bayern Munich,Wolfsburg,4,Bayern Munich,1,2.0,1.0
German Bundesliga,2023-2024,Wolfsburg vs Bochum,Wolfsburg,1,Bochum,0,12.0,16.0
German Bundesliga,2022-2023,Wolfsburg vs Bochum,Wolfsburg,4,Bochum,0,8.0,14.0
German Bundesliga,2021-2022,Wolfsburg vs Bochum,Wolfsburg,1,Bochum,0,12.0,13.0
German Bundesliga,2023-2024,Wolfsburg vs Borussia Dortmund,Wolfsburg,1,Dortmund,1,12.0,
German Bundesliga,2023-2024,Wolfsburg vs Borussia Mönchengladbach,Wolfsburg,1,Mönchengladbach,3,12.0,
German Bundesliga,2023-2024,Wolfsburg vs Eintracht Frankfurt,Wolfsburg,2,Ein Frankfurt,0,12.0,
German Bundesliga,2023-2024,Wolfsburg vs FC Augsburg,Wolfsburg,1,Augsburg,3,12.0,
German Bundesliga,2023-2024,Wolfsburg vs FC Heidenheim,Wolfsburg,2,FC Heidenheim,0,12.0,8.0
German Bundesliga,2023-2024,Wolfsburg vs Freiburg,Wolfsburg,0,Freiburg,1,12.0,10.0
German Bundesliga,2022-2023,Wolfsburg vs Freiburg,Wolfsburg,6,Freiburg,0,8.0,5.0
German Bundesliga,2021-2022,Wolfsburg vs Freiburg,Wolfsburg,0,Freiburg,2,12.0,6.0
German Bundesliga,2020-2021,Wolfsburg vs Freiburg,Wolfsburg,3,Freiburg,0,4.0,10.0
German Bundesliga,2019-2020,Wolfsburg vs Freiburg,Wolfsburg,2,Freiburg,2,7.0,8.0
German Bundesliga,2018-2019,Wolfsburg vs Freiburg,Wolfsburg,1,Freiburg,3,6.0,13.0
German Bundesliga,2017-2018,Wolfsburg vs Freiburg,Wolfsburg,3,Freiburg,1,13.0,12.0
German Bundesliga,2016-2017,Wolfsburg vs Freiburg,Wolfsburg,0,Freiburg,1,16.0,7.0
German Bundesliga,2010-2011,Wolfsburg vs Freiburg,Wolfsburg,2,Freiburg,1,15.0,9.0
German Bundesliga,2011-2012,Wolfsburg vs Freiburg,Wolfsburg,3,Freiburg,2,8.0,12.0
German Bundesliga,2012-2013,Wolfsburg vs Freiburg,Wolfsburg,0,Freiburg,2,11.0,5.0
German Bundesliga,2013-2014,Wolfsburg vs Freiburg,Wolfsburg,2,Freiburg,2,5.0,14.0
German Bundesliga,2014-2015,Wolfsburg vs Freiburg,Wolfsburg,3,Freiburg,0,2.0,17.0
German Bundesliga,2023-2024,Wolfsburg vs Hoffenheim,Wolfsburg,2,Hoffenheim,2,12.0,7.0
German Bundesliga,2022-2023,Wolfsburg vs Hoffenheim,Wolfsburg,2,Hoffenheim,1,8.0,12.0
German Bundesliga,2021-2022,Wolfsburg vs Hoffenheim,Wolfsburg,1,Hoffenheim,2,12.0,9.0
German Bundesliga,2020-2021,Wolfsburg vs Hoffenheim,Wolfsburg,2,Hoffenheim,1,4.0,11.0
German Bundesliga,2019-2020,Wolfsburg vs Hoffenheim,Wolfsburg,1,Hoffenheim,1,7.0,6.0
German Bundesliga,2018-2019,Wolfsburg vs Hoffenheim,Wolfsburg,2,Hoffenheim,2,6.0,9.0
German Bundesliga,2017-2018,Wolfsburg vs Hoffenheim,Wolfsburg,1,Hoffenheim,1,13.0,8.0
German Bundesliga,2016-2017,Wolfsburg vs Hoffenheim,Wolfsburg,2,Hoffenheim,1,16.0,4.0
German Bundesliga,2015-2016,Wolfsburg vs Hoffenheim,Wolfsburg,4,Hoffenheim,2,8.0,15.0
German Bundesliga,2010-2011,Wolfsburg vs Hoffenheim,Wolfsburg,2,Hoffenheim,2,15.0,11.0
German Bundesliga,2011-2012,Wolfsburg vs Hoffenheim,Wolfsburg,1,Hoffenheim,2,8.0,11.0
German Bundesliga,2012-2013,Wolfsburg vs Hoffenheim,Wolfsburg,2,Hoffenheim,2,11.0,16.0
German Bundesliga,2013-2014,Wolfsburg vs Hoffenheim,Wolfsburg,2,Hoffenheim,1,5.0,9.0
German Bundesliga,2014-2015,Wolfsburg vs Hoffenheim,Wolfsburg,3,Hoffenheim,0,2.0,8.0
Club Friendlies,2020-2021,Wolfsburg vs Holstein Kiel,Wolfsburg,2,Holstein Kiel,0,4.0,
German Bundesliga,2023-2024,Wolfsburg vs Mainz,Wolfsburg,1,Mainz,3,12.0,13.0
German Bundesliga,2022-2023,Wolfsburg vs Mainz,Wolfsburg,3,Mainz,0,8.0,9.0
German Bundesliga,2021-2022,Wolfsburg vs Mainz,Wolfsburg,5,Mainz,0,12.0,8.0
German Bundesliga,2020-2021,Wolfsburg vs Mainz,Wolfsburg,2,Mainz,3,4.0,12.0
German Bundesliga,2019-2020,Wolfsburg vs Mainz,Wolfsburg,4,Mainz,0,7.0,13.0
German Bundesliga,2018-2019,Wolfsburg vs Mainz,Wolfsburg,3,Mainz,0,6.0,12.0
German Bundesliga,2017-2018,Wolfsburg vs Mainz,Wolfsburg,1,Mainz,1,13.0,16.0
German Bundesliga,2016-2017,Wolfsburg vs Mainz,Wolfsburg,0,Mainz,0,16.0,15.0
German Bundesliga,2015-2016,Wolfsburg vs Mainz,Wolfsburg,1,Mainz,1,8.0,6.0
German Bundesliga,2010-2011,Wolfsburg vs Mainz,Wolfsburg,3,Mainz,4,15.0,5.0
German Bundesliga,2011-2012,Wolfsburg vs Mainz,Wolfsburg,2,Mainz,2,8.0,13.0
German Bundesliga,2012-2013,Wolfsburg vs Mainz 05,Wolfsburg,0,Mainz 05,2,11.0,
German Bundesliga,2013-2014,Wolfsburg vs Mainz,Wolfsburg,3,Mainz,0,5.0,7.0
German Bundesliga,2014-2015,Wolfsburg vs Mainz,Wolfsburg,3,Mainz,0,2.0,11.0
DFB-Pokal,2023-2024,Wolfsburg vs RB Leipzig,Wolfsburg,1,RasenBallsport Leipzig,0,12.0,
German Bundesliga,2023-2024,Wolfsburg vs RB Leipzig,Wolfsburg,2,RasenBallsport Leipzig,1,12.0,
German Bundesliga,2010-2011,Wolfsburg vs St Pauli,Wolfsburg,2,St Pauli,2,15.0,18.0
German Bundesliga,2023-2024,Wolfsburg vs Stuttgart,Wolfsburg,2,Stuttgart,3,12.0,2.0
German Bundesliga,2022-2023,Wolfsburg vs Stuttgart,Wolfsburg,3,Stuttgart,2,8.0,16.0
German Bundesliga,2021-2022,Wolfsburg vs Stuttgart,Wolfsburg,0,Stuttgart,2,12.0,15.0
German Bundesliga,2020-2021,Wolfsburg vs Stuttgart,Wolfsburg,1,Stuttgart,0,4.0,9.0
German Bundesliga,2018-2019,Wolfsburg vs Stuttgart,Wolfsburg,2,Stuttgart,0,6.0,16.0
German Bundesliga,2017-2018,Wolfsburg vs Stuttgart,Wolfsburg,1,Stuttgart,1,13.0,14.0
German Bundesliga,2015-2016,Wolfsburg vs Stuttgart,Wolfsburg,3,Stuttgart,1,8.0,17.0
German Bundesliga,2010-2011,Wolfsburg vs Stuttgart,Wolfsburg,2,Stuttgart,0,15.0,12.0
German Bundesliga,2011-2012,Wolfsburg vs Stuttgart,Wolfsburg,1,Stuttgart,0,8.0,6.0
German Bundesliga,2012-2013,Wolfsburg vs Stuttgart,Wolfsburg,2,Stuttgart,0,11.0,12.0
German Bundesliga,2013-2014,Wolfsburg vs Stuttgart,Wolfsburg,3,Stuttgart,1,5.0,15.0
German Bundesliga,2014-2015,Wolfsburg vs Stuttgart,Wolfsburg,3,Stuttgart,1,2.0,14.0
German Bundesliga,2023-2024,Wolfsburg vs Union Berlin,Wolfsburg,2,Union Berlin,1,12.0,15.0
German Bundesliga,2022-2023,Wolfsburg vs Union Berlin,Wolfsburg,1,Union Berlin,1,8.0,4.0
German Bundesliga,2021-2022,Wolfsburg vs Union Berlin,Wolfsburg,1,Union Berlin,0,12.0,5.0
German Bundesliga,2020-2021,Wolfsburg vs Union Berlin,Wolfsburg,3,Union Berlin,0,4.0,7.0
German Bundesliga,2019-2020,Wolfsburg vs Union Berlin,Wolfsburg,1,Union Berlin,0,7.0,11.0
German Bundesliga,2023-2024,Wolfsburg vs Werder Bremen,Wolfsburg,2,Werder Bremen,2,12.0,9.0
German Bundesliga,2022-2023,Wolfsburg vs Werder Bremen,Wolfsburg,2,Werder Bremen,2,8.0,13.0
German Bundesliga,2020-2021,Wolfsburg vs Werder Bremen,Wolfsburg,5,Werder Bremen,3,4.0,17.0
German Bundesliga,2019-2020,Wolfsburg vs Werder Bremen,Wolfsburg,2,Werder Bremen,3,7.0,16.0
German Bundesliga,2018-2019,Wolfsburg vs Werder Bremen,Wolfsburg,1,Werder Bremen,1,6.0,8.0
German Bundesliga,2017-2018,Wolfsburg vs Werder Bremen,Wolfsburg,1,Werder Bremen,1,13.0,15.0
German Bundesliga,2016-2017,Wolfsburg vs Werder Bremen,Wolfsburg,1,Werder Bremen,2,16.0,8.0
German Bundesliga,2015-2016,Wolfsburg vs Werder Bremen,Wolfsburg,6,Werder Bremen,0,8.0,13.0
German Bundesliga,2010-2011,Wolfsburg vs Werder Bremen,Wolfsburg,0,Werder Bremen,0,15.0,13.0
German Bundesliga,2011-2012,Wolfsburg vs Werder Bremen,Wolfsburg,3,Werder Bremen,1,8.0,9.0
German Bundesliga,2012-2013,Wolfsburg vs Werder Bremen,Wolfsburg,1,Werder Bremen,1,11.0,14.0
German Bundesliga,2013-2014,Wolfsburg vs Werder Bremen,Wolfsburg,3,Werder Bremen,0,5.0,12.0
German Bundesliga,2014-2015,Wolfsburg vs Werder Bremen,Wolfsburg,2,Werder Bremen,1,2.0,10.0
